userid,置信度,置信度说明,shellagent对话轮次(剔除start),成功生成bot数,bot对话轮次,使用情况,流失阶段,详细原因
2747,8,数据清晰完整，用户行为明确，只是交互次数较少，需要轻微推断使用意图,0,1,1-5,bot功能正常但用户仅简单体验,使用阶段,用户成功创建了一个YouTube频道竞争分析bot，该bot可以分析和比较1-3个YouTube频道的各项指标。用户在创建bot后进行了简单测试，仅发送了/start和/help两个基础命令查看bot功能介绍，没有进行实际的频道分析操作。用户可能是在了解bot功能后发现不符合需求，或者暂时没有需要分析的YouTube频道，因此在简单体验后就停止使用。流失原因可能是功能过于专业或当时没有实际使用需求。
3119789,8,数据完整，用户行为清晰，bot运行记录充分，但部分错误消息需要推断,0,1,1-5,bot功能有bug,使用阶段,用户在群组中使用bot，尝试进行多次交互。从运行记录看，用户成功创建了一个bot并在群组中使用，但每次交互都遇到了Claude LLM相关的服务器错误（HTTP 400错误），提示'messages: at least one message is required'。用户尝试了多次（约4-5次）与bot互动，但每次都收到相同的错误提示。这些持续的技术问题导致bot无法正常工作，最终可能导致用户放弃使用。流失原因主要是bot功能存在严重的技术问题，无法正常响应用户请求。
330325,9,数据完整清晰，用户行为连贯，所有关键信息都有明确记录，仅有少量重复对话,1-5,2,1-5,bot功能正常但用户仅简单体验,使用阶段,用户尝试使用猜数字游戏bot，成功生成了2个bot。在与bot的交互中，用户主要发送hello和基础命令如/help、/start等，显示出对bot功能的初步探索兴趣。用户虽然多次进入游戏菜单，但没有实际开始游戏或深入使用核心功能，仅停留在简单测试阶段。最后一次交互是在2025-10-23，之后没有继续使用。用户可能因为游戏规则较简单或对猜数字游戏兴趣不大而停止使用。流失原因主要是未能激发用户持续使用的动力。
36878910,8,数据较完整，用户行为清晰，虽然交互较少但判断依据充分,1,0,1,无生成bot倾向的闲聊,生成阶段,用户与ShellAgent进行了简单的问候交互，发送了'hi'并收到了bot的回复，之后仅使用了/currentbot命令查看当前bot状态。在Running Messages中，用户两次使用/start命令与某个已存在的bot（ThumbMaker）进行交互，但这不是用户自己创建的bot。用户没有表现出明确创建新bot的意图，整体行为显示这是一次简单的探索性使用，可能是对系统功能不够了解或兴趣不大，因此在初始阶段就流失了。
36879475,9,数据完整，用户行为清晰，所有交互记录和结果都有明确记录，判断依据充分,1-5,1,>5,bot功能有bug,使用阶段,用户通过ShellAgent尝试创建去水印机器人，成功生成了一个bot。用户积极使用该bot，发送了多张图片进行水印去除测试。但在使用过程中遇到了Widget执行失败的bug，虽然系统提供了修复选项，但仍影响了用户体验。用户总共与生成的bot进行了超过6次的交互，包括多次/start命令和图片处理请求。最后一次尝试似乎成功处理了图片，但之前的错误可能已影响用户的使用意愿。用户流失原因主要是bot功能不稳定，存在技术故障。
36939839,9,数据完整清晰，用户行为连贯，所有字段都有充分证据支持，仅有少量bot回复内容缺失,>5,3,>5,使用顺畅,使用顺畅,用户积极创建和使用多个bot。首先创建了一个聊天机器人，并进行了中文对话测试。然后创建了图片生成bot，成功生成了小猫图片。之后又创建了Instagram缩略图生成器，并成功生成了游戏教程相关的缩略图。用户与每个bot都有多轮有效互动，使用了核心功能，并获得了预期的结果。整个过程顺畅，没有遇到明显问题，用户表现出对bot功能的理解和熟练使用。最后还尝试了图片交换和链接追踪bot的功能，显示出持续探索和使用bot的兴趣。
36946192,8,数据较完整，用户行为清晰，虽然交互较少但判断依据充分,0,2,0,bot生成成功但未使用,已生成未使用,用户通过ShellAgent成功创建了2个bot：一个语音转文字机器人和一个群组欢迎机器人。从Running Messages记录可以看到，用户对这两个bot都只发送了/start命令进行初始化，查看了功能介绍，但没有进行任何实际使用或测试。这表明用户可能只是出于好奇创建了bot，但对功能不感兴趣或没有实际使用需求，在了解bot的基本功能后就放弃使用了。
37206591,9,数据完整，用户行为清晰，有明确的bot生成和使用记录，所有字段判断依据充分,0,1,1-5,bot功能正常但用户仅简单体验,使用阶段,用户成功创建了一个Pokemon生成和卡牌制作bot。用户与bot进行了简单交互，尝试了两个主要功能：使用/generate命令生成了一个名为Cuddlit的Pokemon，并用/card命令创建了一个名为Galexian的交易卡片。每个功能只测试了一次，输入内容也很简单(如'cute'、'random')，没有深入探索bot的更多功能或进行持续对话。用户似乎只是在验证bot的基本功能是否正常工作，属于浅层次体验，未进行深度使用。可能是因为功能与预期相符但未激发持续使用的兴趣，或者仅出于好奇进行尝试。
37351839,8,数据较完整，用户行为清晰，bot生成和使用情况有明确记录，仅个别次要信息需推断,1-5,1,1-5,bot功能正常但用户仅简单体验,使用阶段,用户成功创建了一个游戏线索管理bot（Gameleadsbot），并进行了简单的功能探索。通过Messages表可以看到用户使用了/mybots和/currentbot命令。在Running Messages中，用户访问了bot的dashboard并尝试添加lead的功能，但仅进行了基础操作，没有完成完整的lead添加流程。用户的交互停留在功能探索阶段，没有深入使用bot的核心功能。可能是因为功能过于简单或不符合用户的实际需求，导致用户失去继续使用的兴趣。
37507061,8,数据较完整，用户行为清晰，虽然缺少Running Messages数据，但其他字段判断依据充分,1-5,0,0,无生成bot倾向的闲聊,生成阶段,用户尝试创建bot，但似乎对流程不熟悉。用户发送了/newbot命令后，ShellAgent给出了详细的创建bot流程指导，要求用户去找@BotFather创建。用户随后发送了'Chatrapati'、'BOT father'和'BotFather'等消息，显示他在尝试理解或寻找BotFather，但并没有按照正确流程操作。用户没有成功创建任何bot，在理解创建流程阶段就中断了对话。可能的流失原因是用户对bot创建流程感到困惑，没有正确理解需要先通过BotFather创建bot再回来使用ShellAgent的步骤。
37507089,9,数据完整，用户行为清晰，有多条交互记录，所有字段都有明确证据支持,1-5,1,>5,使用顺畅,使用顺畅,用户成功创建了一个Hook Generator bot，用于生成社交媒体的病毒式传播文案。用户深度使用了该bot，连续发送了多条内容请求（包括localhost文章、周末建设指南、每日一小时建设等主题），每次bot都成功生成了10个优化的文案钩子。用户的输入内容质量高，表明对bot功能理解透彻，使用过程顺畅，没有遇到任何问题或困惑。从交互记录来看，用户是一位内容创作者，使用bot来优化自己的社交媒体内容策略，对bot的输出结果满意度高，持续深入使用。
37519529,9,数据完整，用户行为清晰，有多条详细的交互记录，所有字段都有充分证据支持,1-5,1,1-5,使用顺畅,使用顺畅,用户使用bot生成社交媒体内容的病毒式营销文案。首次尝试关于酒精影响的主题，bot成功生成了10个不同风格的hook。用户对结果满意，随后又提交了一个关于健身心态的主题，bot同样成功生成了高质量的营销文案。用户每次提供的内容都很专业且详实，与bot的互动顺畅，充分利用了bot的核心功能。从交互记录看，用户对bot的输出质量满意，能够理解并有效利用生成的内容，是典型的深度使用且顺畅的案例。
38024712,8,数据完整，用户行为清晰，但缺少Messages表数据，无法完全确定shellagent对话轮次,0,1,>5,使用顺畅,使用顺畅,用户成功创建了一个TikTok分享bot，并在群组中持续使用。从Running Messages记录可见，用户频繁分享TikTok链接，发送了超过30条分享消息，使用时间跨度长，从10月初持续到10月21日。用户对bot的核心功能（分享TikTok视频）理解清晰，使用频率高且持续稳定，没有出现操作错误或功能问题。用户在后期还尝试分享Instagram链接，显示出对bot功能的探索性使用。整体来看，用户对bot的使用非常顺畅，且形成了稳定的使用习惯。
38101214,8,数据较完整，用户意图明确，大部分字段有明确证据支持，仅bot使用情况需要轻微推断,1-5,1,0,bot功能不符合预期,使用阶段,用户尝试创建/编辑支付相关bot，想要将其用作代码兑换的支付系统并链接到oxapay。用户与ShellAgent进行了6次交互，成功创建了一个bot（@Hemmelig220487_bot），并将其添加为某个频道的管理员。但当用户表达了想要创建支付功能的需求后，可能因为系统无法满足这种特定的支付集成需求而停止使用。用户的流失原因主要是bot的功能与其期望的支付系统需求不符。
38411463,9,数据完整清晰，用户行为连贯，交互记录丰富，所有判断都有明确证据支持,>5,3,>5,使用顺畅,使用顺畅,"用户创建了3个bot(YouTube分析、LinkedIn帖子生成、表情包生成)，并深度使用。对YouTube分析bot进行了多次测试和功能改进,包括URL识别、数据展示等;对LinkedIn bot进行了格式优化;对Meme bot进行了多次生成测试。用户提出的改进建议都得到及时响应和修复,交互过程顺畅。用户表现出明确的目标(创建和优化bot)并持续参与改进,是典型的深度使用者。每个bot都有实际使用记录,且使用频率较高,显示出良好的使用体验和持续使用意愿。"
38452235,9,数据完整清晰，用户意图明确，有明确的bot生成成功标志和使用记录,1,1,1,bot功能正常但用户仅简单体验,使用阶段,用户想创建一个用于群组的掷骰子机器人，用于cwallet空投的rollhunt游戏。机器人成功生成(@dice2rollbot)，具备设定范围生成随机数并以hashtag格式显示的功能。用户在生成后进行了一次简单测试(/roll 1 to 24命令)，机器人正常返回了结果(#15)。虽然功能符合需求且运行正常，但用户仅进行了最基础的测试，没有深入使用或添加到群组中，可能是因为只是想先体验下功能，或者暂时没有实际的应用场景。
38452554,8,Running Messages数据完整，用户行为清晰，仅缺少Messages表数据，但不影响主要判断,0,1,0,bot生成成功但未使用,已生成未使用,用户成功创建了一个骰子机器人(RollBot)，这是一个用于群组游戏和空投活动的掷骰子机器人。从Running Messages可以看到，用户只是启动了机器人3次(/start)，但没有实际使用任何掷骰子功能。机器人每次都正确返回了使用说明，功能正常，但用户并未进行实际体验。可能的流失原因是：用户只是出于好奇创建了机器人，但当时并没有实际的使用场景，或者创建完成后忘记了这个机器人的存在。
38452674,9,数据完整，用户行为清晰，有明确的bot生成和使用记录，所有字段判断依据充分,1-5,2,1-5,bot功能不符合预期,使用阶段,用户想创建一个能显示用户个人信息和头像的Telegram bot。第一次尝试时，系统误解为要创建隐私侵犯性质的bot而拒绝。用户解释这只是要显示用户自己的公开信息后，系统同意创建了@ShellAgent_Playground_Bot。之前用户还创建了一个骰子bot并进行了简单测试。总共成功创建了2个bot，并对每个bot都进行了基础交互（2-3次对话），但由于第一次请求被误解和拒绝，显示系统对用户需求的理解存在偏差，可能导致用户对bot的准确性产生怀疑，最终没有深入使用。
38454212,10,数据完整清晰，用户行为连贯，所有交互记录都有明确的时间戳和内容，判断依据充分,0,1,>5,使用顺畅,使用顺畅,用户成功创建了一个骰子机器人(RollBot)，并进行了深度使用。用户先尝试了基本的/roll 10命令，连续使用了10多次，然后测试了大数值(/roll 999999...)，在收到错误提示后正确使用了建议的范围(/roll 1 to 1000000)。整个使用过程流畅，用户理解并正确使用了bot的功能，显示出良好的参与度。最后用户主动退出(kicked)，可能是暂时性使用完毕，而非因为功能问题而流失。
38461073,8,数据较少但清晰，用户仅启动bot未实际使用，判断依据明确,0,1,0,bot生成成功但未使用,已生成未使用,用户成功创建了一个骰子机器人(RollBot)，这是一个用于群组游戏和空投活动的掷骰子机器人。从Running Messages表可以看到，用户只发送了/start命令启动机器人，收到了机器人的使用说明回复，包含了/roll命令的各种用法说明。但之后用户没有进行任何实际操作，没有尝试使用机器人的掷骰子功能。用户可能只是出于好奇创建了机器人，但对功能不感兴趣或暂时没有使用场景，导致创建后就放弃使用。
38472955,9,数据完整清晰，用户行为和意图明显，所有字段都有充分证据支持,1,1,>5,bot功能不符合预期,使用阶段,用户想创建一个可以抓取群组成员ID的bot，bot成功生成。用户将bot添加到群组并尝试使用，发送了多次get_members命令和其他指令，但bot似乎误解为图片生成请求并给出了不相关的AI模型选择菜单。由于功能完全不符合预期（用户要的是成员提取功能，bot却表现为图片生成器），用户最终将bot踢出群组。这表明bot的功能实现与用户的需求存在严重偏差，导致用户流失。
38486082,9,数据完整清晰，用户行为连贯，所有字段都有充分证据支持，仅少量次要信息缺失,>5,2,>5,使用顺畅,使用顺畅,用户首先创建了一个问答助手bot，并深入使用了数学、心理学等多个主题的问答功能。用户提问有条理，与bot进行了多轮有意义的对话，包括数学计算、心理学知识和个人生活咨询等。随后又创建了一个联系工具bot。两个bot都成功生成且正常运行，用户展现出良好的使用体验和持续互动意愿。用户能够理解bot的功能并有效利用，整体使用过程顺畅，没有遇到明显问题或困难。用户的参与度高，对话内容丰富，显示出对bot功能的满意度。
38486369,9,数据完整清晰，用户意图明显，所有交互记录连贯，判断依据充分,1-5,1,1-5,成人内容生成失败,生成阶段,用户成功创建了一个图像生成bot，并尝试使用该bot生成不当内容。用户首先询问是否可以基于图片生成新图像，bot成功创建。随后用户上传了两张图片，并多次尝试要求生成裸露内容（如'make her fully nude'和'make this person nude'），但被系统拒绝。用户在系统报错后仍多次询问生成状态，显示出强烈的不当内容生成意图。最终由于系统的内容审核机制阻止了不当内容的生成，导致用户流失。
38492037,8,数据较完整，用户意图明确，bot生成成功有明确标志，仅Running Messages数据较少,1,1,1,bot功能正常但用户仅简单体验,使用阶段,用户想创建一个用于加密货币分析的bot，能够抓取指定频道并生成代币分析。ShellAgent成功为用户生成了具有频道监控、情感分析、生成分析报告等功能的bot。用户随后尝试使用生成的bot，但仅发送了/start命令进行简单体验，没有深入使用bot的核心功能如添加监控频道或获取代币分析。用户可能是因为功能过于复杂或不符合预期而流失，也可能是在简单体验后觉得不够实用而放弃使用。
38496875,9,数据完整清晰，用户行为和意图明显，所有判断都有明确证据支持,1-5,1,1-5,成人内容生成失败,生成阶段,用户首先尝试创建成人网站相关的bot，被系统拒绝并提供了合规的替代建议。之后用户用阿拉伯语打了个招呼，系统也用阿拉伯语回复并介绍了可以创建的bot类型。虽然最终成功创建了一个消息转发bot（Pettify），用户仅发送了/start和/help两个基本命令测试，没有实际使用bot的核心功能。用户流失的主要原因是最初想创建的成人内容被拒绝，之后对系统提供的合规替代方案缺乏兴趣，导致在生成阶段就放弃使用。
38499378,8,数据较完整，用户行为清晰，有明确的bot生成和使用记录，但交互次数较少,1,1,1,bot功能正常但用户仅简单体验,使用阶段,用户尝试创建一个带有波斯语按钮的交互式Telegram bot，提供了部分代码。ShellAgent成功帮助完成了代码，添加了reply_markup部分。用户随后启动了生成的bot并收到了欢迎消息，这是一个AI图像生成bot。但用户仅发送了/start命令进行简单测试，没有深入使用bot的核心图像生成功能。可能的流失原因是用户只是出于好奇尝试创建bot，或者生成的AI图像bot与用户最初想要创建的波斯语交互bot不太匹配，没有满足用户的实际需求。
38513441,9,数据完整，用户行为清晰，所有交互记录连贯，判断依据充分,1-5,1,1-5,bot功能正常但用户仅简单体验,使用阶段,用户尝试创建AI图像生成bot，成功生成了1个bot。在Running Messages中有多次交互记录，用户尝试了/start命令并输入了'Flying bunny'等简单测试内容，但没有按照正确格式使用/generate命令生成图片。bot多次提示正确的使用方法，但用户似乎没有完全理解使用流程。最后用户又尝试创建新的Instagram相关bot，显示能量不足。用户可能因为不熟悉正确的命令格式，加上对bot功能期望与实际不符（想要Instagram功能），导致未深入使用并流失。
38517757,9,数据完整，用户行为清晰，有完整的bot交互记录，所有字段都有明确证据支持,0,1,>5,使用顺畅,使用顺畅,用户成功创建了一个骰子机器人(RollBot)，用于生成随机数。创建后积极使用该bot，进行了多次交互：发送/start命令了解功能，使用/roll命令进行了多次随机数生成测试，查看了/help获取完整使用说明。用户对bot的核心功能（随机数生成）进行了充分测试，使用过程顺畅，没有遇到任何问题或错误。从交互记录来看，用户对bot的功能理解良好，使用正确，且持续保持互动，显示出良好的使用体验。
38522213,8,数据较完整，用户行为清晰，但bot使用时的反馈不够充分，需要轻微推断,1-5,1,1-5,bot功能不符合预期,使用阶段,用户最初尝试创建YouTube视频下载器bot，成功生成了1个bot。但在实际使用时，系统错误地创建了一个AI图像生成bot，与用户的原始需求不符。用户尝试在新bot中输入YouTube链接进行下载，但bot只返回了图像生成相关的指令说明。这种功能与预期的严重不符导致用户流失。从交互来看，用户清楚地表达了想要的功能，但系统未能正确响应需求，最终导致使用中断。
38523146,9,数据完整清晰，用户行为连贯，所有字段都有明确证据支持，仅缺少最终使用结果,1,1,1-5,bot功能正常但用户仅简单体验,使用阶段,用户请求创建一个简单的问候机器人，bot成功生成。在Running Messages中，用户多次使用/start和/help命令查看功能说明，表现出对bot功能的初步探索兴趣。但仅限于基础命令测试，没有尝试实际的图像生成功能。用户可能发现bot实际是一个AI图像生成器，与其最初期望的简单问候功能不符，因此在简单体验后就停止使用。流失原因可能是bot的实际功能与用户的初始需求不匹配。
38523549,9,数据完整清晰，用户行为连贯，所有交互记录完整，判断依据充分,1-5,2,>5,使用顺畅,使用顺畅,用户首先请求创建一个具有CRUD功能和内联键盘的Telegram bot，成功生成后又创建了一个AI图像生成bot。用户对第二个bot进行了深入使用，连续生成了两张图片（魔法森林和印尼美食），操作流畅，理解并正确使用了bot的各项功能，包括选择AI模型、提供详细提示词等。整个过程中没有遇到任何问题，交互自然流畅，显示出对bot功能的良好掌握和持续使用意愿。用户体验完整的功能链路，操作准确，反馈积极，是典型的成功用户案例。
38527524,9,数据完整清晰，用户意图明显，bot回复明确表明了拒绝原因，判断依据充分,1-5,0,0,其他,生成阶段,用户尝试创建一个帮助寻找俄罗斯青少年朋友群的bot，但由于涉及未成年人安全问题，系统明确拒绝了该请求。系统建议了多个更安全的替代方案（如俄语学习bot、文化bot等），但用户仅回复了'Friend groups'，继续坚持原有需求。系统再次详细解释了无法创建该类bot的原因，并再次提供替代方案。用户在收到第二次拒绝后未再继续互动，可能因为核心需求无法满足而流失。
38528316,9,数据完整，用户行为和意图非常明确，所有交互记录清晰可见，判断依据充分,1,1,>5,成人内容生成失败,使用阶段,用户成功创建了一个AI图像生成bot，并尝试使用。用户多次尝试生成不当内容：先是要求生成裸体图片，被拒绝后又尝试修改衣着，最后尝试生成穿比基尼的克隆人物。虽然bot每次都给出了合规的替代建议，但用户始终在尝试突破内容限制。用户的意图明显是想生成成人/不当内容，在多次被拒绝和收到警告后仍继续尝试。最终在系统生成了一张合规的图片后，用户就没有继续使用。流失原因是bot无法满足用户生成成人内容的需求。
38530111,8,数据虽少但用户意图明确，系统回复清晰，可以准确判断流失原因和阶段,1,0,0,成人内容生成失败,生成阶段,用户尝试创建一个具有NSFW对话和图片生成功能的虚拟女友bot。系统明确拒绝了这个不当内容的请求，并建议用户可以选择其他合规的bot类型，如对话AI、创意图片生成、角色扮演、故事生成或问答游戏bot等。用户在收到系统的拒绝回复后没有继续互动，直接流失。流失原因是系统拒绝了用户想要创建的成人内容bot，用户对其他替代方案不感兴趣。
38533081,9,数据完整清晰，用户行为连贯，所有字段都有明确证据支持，判断依据充分,1,1,1-5,bot功能正常但用户仅简单体验,使用阶段,用户请求创建了一个运动鞋商店bot，bot成功生成。之后用户转而使用了一个AI图像生成bot，尝试了基本命令：/start、/cart、/models，都是测试性质的操作，没有实际使用核心的图像生成功能。用户似乎对bot的功能有兴趣（查看了models详情），但仅停留在简单体验阶段，没有进行实际的图像生成任务。可能是因为对图像生成功能不够了解，或者当时没有具体的生成需求，导致没有深入使用。
38540360,9,数据完整清晰，用户意图明显，是典型的成人内容生成失败案例,1-5,0,0,成人内容生成失败,生成阶段,用户尝试创建与成人内容相关的bot，首先发送了一个成人网站链接，在被系统拒绝后又尝试发送'Loading video'相关内容。系统两次明确告知无法协助创建成人内容相关bot，并建议创建其他正常用途的bot（如客服、新闻、天气等），但用户未接受建议转向正常bot创建。用户在收到第二次警告后未再继续互动，表明其仅对创建成人内容bot有兴趣，因此在生成阶段就流失了。
38545768,9,数据完整清晰，用户意图明显，交互记录连贯，所有字段都有明确证据支持,1,1,1-5,bot功能不符合预期,使用阶段,用户想要创建一个查询USDT/VES(委内瑞拉玻利瓦尔)汇率的bot。ShellAgent成功生成了bot，但生成的是一个AI图像生成器bot，与用户需求完全不符。用户尝试在图像生成bot中使用汇率相关的命令(/tasa和'Cambio')，但得到的都是图像生成相关的帮助信息。由于bot功能与预期完全不符，用户在尝试几次后就停止使用。这是一个典型的功能不符合预期导致的流失案例，系统没有正确理解和满足用户的具体需求。
38546125,9,数据完整清晰，用户行为连贯，所有字段都有明确证据支持，判断依据充分,1-5,1,1-5,bot功能正常但用户仅简单体验,使用阶段,用户先与ShellAgent进行了简单对话，表达了想创建一个每天发送笑话的bot的需求。ShellAgent成功为用户创建了一个每日笑话bot。用户随后访问了这个bot，仅使用了基础的/start和/help命令查看功能介绍，没有进行实际的深度使用或尝试订阅每日笑话功能。用户可能是在了解bot功能后觉得不够吸引人，或者对每日笑话的需求不够强烈，导致在简单体验后就停止使用。流失原因可能是bot的功能与用户的实际需求匹配度不高，或者用户对自动化发送笑话的需求不够迫切。
38546378,8,数据完整清晰，用户行为明确，仅bot对话轮次需要轻微推断,1,1,1-5,bot功能正常但用户仅简单体验,使用阶段,用户请求创建一个基于每日心情推荐图书的bot，ShellAgent成功生成了这个bot。用户随后尝试使用生成的bot，发送了/start命令查看功能介绍，并尝试使用/generate命令但未提供具体提示词。用户仅进行了基础功能的简单测试，没有深入使用bot的核心功能。可能的流失原因是用户对bot的使用方式不够熟悉，或者在看到需要输入详细提示词后失去了继续尝试的兴趣。整体表现为浅层次的功能体验，没有进行实质性的交互。
38546949,9,数据完整清晰，用户意图明显，所有行为有明确记录，判断依据充分,1-5,1,1-5,成人内容生成失败,使用阶段,用户首先尝试创建视频下载bot并成功。之后开始使用生成的图片bot，但多次尝试生成成人色情内容（包括直接描述性行为的提示词），被系统拒绝并提供了替代建议。用户在收到内容政策提醒后仍继续尝试，显示出明确的意图是要生成不当内容。最终由于无法绕过系统的内容审核而流失。这表明用户的真实需求与系统的内容政策存在根本冲突，导致无法继续使用。
38547464,9,数据完整清晰，用户意图明确，有明确的bot生成成功标志，行为轨迹连贯,1,1,1-5,bot功能正常但用户仅简单体验,使用阶段,用户想创建一个每小时提醒喝水的提醒bot，ShellAgent成功生成了该bot。用户随后访问了生成的bot，发送了/start和/models两条命令查看基本功能介绍，但没有进一步使用实际的提醒功能或设置个人目标。用户似乎只是在简单了解bot的功能，没有深入使用核心的提醒功能，可能是因为bot的功能与预期不符（变成了图片生成bot）或者失去了使用兴趣，最终在简单体验后就停止了使用。
38547896,9,数据完整清晰，用户行为和意图明确，所有字段都有充分证据支持,1,1,1-5,bot功能正常但用户仅简单体验,使用阶段,用户想创建一个基于天气、心情和场合推荐穿搭的机器人，ShellAgent成功生成了这个bot。用户随后访问了生成的bot并尝试了基本命令：/start、/generate和/models，显示出对bot功能的初步探索兴趣。但用户仅停留在基础命令测试阶段，没有进行实际的图片生成操作或深度使用bot的核心功能。这表明用户可能只是出于好奇进行简单体验，或者在了解完基本功能后失去了继续使用的兴趣，最终在浅层使用阶段流失。
38548661,8,数据较完整，用户行为清晰，有明确的bot生成成功标志和后续使用记录,1,1,1-5,bot功能正常但用户仅简单体验,使用阶段,用户用俄语请求创建一个AI营养师bot，可以根据目标和食物照片制定饮食计划。bot成功生成后，用户转而使用了这个bot的图像生成功能，只进行了基础的/start和/help命令测试，查看了基本功能介绍，没有进行实际的图片生成操作。用户可能发现bot的功能与预期的营养师功能不符（变成了图像生成器），或者对基础功能介绍不感兴趣，因此在简单体验后就停止使用。这表明可能存在bot功能与用户初始需求不匹配的问题。
38549043,9,数据完整，用户行为清晰，有明确的bot生成成功标志和后续使用记录,1-5,1,1-5,bot功能正常但用户仅简单体验,使用阶段,用户想创建一个制作表情包的机器人，与ShellAgent交互2次后成功生成了一个meme生成器bot。用户随后访问了生成的bot并发送了/start和/help两个基础命令，查看了bot的功能说明，但没有进行实际的表情包制作。用户似乎只是在简单了解和测试bot的基本功能，没有深入使用核心功能。可能是因为对bot的功能说明已经满足了初步了解的需求，或者觉得操作流程较复杂而没有继续尝试，最终导致在简单体验阶段就流失了。
38549396,9,数据完整清晰，用户行为明确，生成和使用记录都有明确证据,1,1,1-5,bot功能正常但用户仅简单体验,使用阶段,用户请求创建一个PDF转DOC格式的bot，bot成功生成。用户随后访问了生成的bot并尝试了基本操作，包括/start和/help命令，表现出对bot功能的初步探索兴趣。但用户仅停留在基本命令测试阶段，没有进行实际的PDF转换操作，未深入使用bot的核心功能。这表明用户可能只是出于好奇进行简单体验，或者在了解bot的基本功能后发现不完全符合需求，因此没有继续深入使用。流失发生在初步体验阶段，未转化为实际应用。
38549417,8,数据较完整，用户行为清晰，主要字段有明确证据支持，仅bot使用过程略短,1-5,1,1,bot功能正常但用户仅简单体验,使用阶段,用户想要查找xkcd漫画，ShellAgent建议创建一个专门的xkcd机器人，用户同意后成功创建。机器人具备获取最新漫画、随机漫画、按编号查找等功能。用户仅使用/start命令简单启动了bot，查看了功能介绍，但没有进一步使用具体功能就退出了。最后用户将bot踢出对话。可能的流失原因是用户只是出于好奇尝试，或者bot的功能与预期不符（用户可能想要直接获取漫画而不是通过另一个bot来获取）。
38549803,9,数据完整，用户行为清晰，所有字段都有明确证据支持，交互记录连贯,1-5,1,1-5,bot功能正常但用户仅简单体验,使用阶段,用户想创建一个定时提醒休息的bot。ShellAgent说明无法做个人提醒，但建议创建一个公共的休息提醒bot，用户同意后成功创建。之后用户访问了生成的bot，使用了/start、/generate、/help等基础命令进行简单测试，但未深入使用bot的核心功能（如订阅提醒）。用户可能因为bot不能提供个性化的定时提醒（只能在固定时间点提醒所有人）而失去兴趣，与最初的需求不完全匹配，导致仅简单体验后就停止使用。
38549908,9,数据完整清晰，用户行为和交互记录明确，所有字段都有充分证据支持,1,1,1-5,bot功能正常但用户仅简单体验,使用阶段,用户向ShellAgent请求创建了一个文本分析bot，bot成功生成。随后用户转而尝试使用该bot，但只进行了基础的交互：发送了/start命令并尝试了/generate命令，但在被提示需要输入具体描述时就停止了使用。用户的行为表明对bot功能有初步兴趣，但仅停留在简单测试阶段，没有进行实质性的深度使用。可能的流失原因是用户对bot的使用方式不够熟悉，或者功能与预期不完全匹配，导致失去继续使用的兴趣。
38550073,9,数据完整，用户意图明确，交互记录清晰，所有字段都有充分证据支持,1,1,1-5,bot功能正常但用户仅简单体验,使用阶段,用户请求创建一个用于生成YouTube视频标题的bot，ShellAgent成功生成了这个bot。但用户实际使用时，却转而去使用了一个AI图像生成bot，与其进行了3次简单交互（/start两次和/models一次），仅是浏览了基本功能介绍，没有实际使用核心功能生成图片。这表明用户可能对最初请求的标题生成bot失去了兴趣，或者在使用过程中改变了需求方向，但对新的图像生成bot也仅停留在浅层体验阶段，最终流失。
38550311,9,数据完整清晰，用户行为和意图明确，所有字段都有充分证据支持判断,1-5,1,1-5,bot功能正常但用户仅简单体验,使用阶段,用户想创建一个跟踪购物车并提醒结账的bot。在与ShellAgent交互时，由于无法实现个性化提醒功能，ShellAgent建议了替代方案：创建一个通用的购物车追踪bot。用户同意后成功生成了bot。用户随后访问了生成的bot，发送了/start、/generate和/models等基础命令，显示出对bot功能的初步探索兴趣，但仅停留在简单测试阶段，没有深入使用核心功能。可能的流失原因是bot的通用提醒功能不能满足用户期望的个性化提醒需求，或者用户对替代方案的实际效果不够满意。
38550527,9,数据完整清晰，用户行为连贯，所有字段都有明确证据支持，判断依据充分,1,1,1-5,bot功能正常但用户仅简单体验,使用阶段,用户想创建一个能学习其邮件写作风格的bot。ShellAgent成功生成了一个邮件写作助手bot。用户随后访问了这个bot并尝试了基本命令，包括/start、/generate、/help和/models，显示出探索性的使用行为。但用户仅停留在了解基本功能阶段，没有进行实际的邮件写作或风格学习操作。用户可能是在了解完bot的功能后发现不完全符合预期，或者觉得使用流程过于复杂而放弃使用。这表明bot虽然功能正常，但用户仅进行了简单体验就停止了使用。
38550618,9,数据完整清晰，用户行为和交互过程有明确记录，所有判断都有充分依据,0,1,1-5,bot功能正常但用户仅简单体验,使用阶段,用户成功生成了一个Topic Generator Bot，该bot具有高级主题研究和建议功能。用户与bot进行了简单交互，查看了欢迎信息并尝试了高级设置功能，点击了地区设置选项。用户的操作显示对bot功能有初步了解，但仅停留在配置阶段，没有实际使用核心功能进行主题研究。最后用户将bot踢出（blocked），这表明用户可能对bot的功能不感兴趣或不符合预期，在浅层体验后就放弃使用。流失原因可能是bot功能过于复杂或与用户的实际需求不匹配。
38551297,9,数据完整，用户行为清晰，生成和使用过程有明确记录，各字段判断依据充分,1,1,1-5,bot功能不符合预期,使用阶段,用户想创建一个销售跟踪bot，用于记录产品销售情况并同步到Google表格。ShellAgent成功生成了一个bot，但生成的是AI图像生成bot，与用户需求完全不符。用户尝试使用该bot，发送了多个命令(/start、/help、/admin、/products等)测试功能，发现功能与预期不符后，最终选择退出并block了该bot。流失原因是bot的功能与用户的销售跟踪需求不匹配，生成的是完全不同类型的bot。
38551699,9,数据完整清晰，用户行为和意图明显，所有字段都有明确证据支持,1,1,1-5,bot功能正常但用户仅简单体验,使用阶段,用户想创建一个帮助规划周末活动的bot，与ShellAgent交互1次后成功生成。用户随后访问了生成的bot并发送了/start和/help两条命令查看使用说明，表现出初步探索意向，但未进行实际的周末活动规划。用户停留在简单了解bot功能阶段，没有深入使用核心功能。可能的流失原因是用户只是出于好奇查看bot的功能说明，或者觉得使用流程较为复杂，没有继续投入时间深入使用。
38552847,8,数据较完整，用户行为清晰，bot生成和使用过程有明确记录，仅缺少最终使用效果的反馈,1-5,1,1-5,bot功能正常但用户仅简单体验,使用阶段,用户尝试创建一个待办事项管理bot，bot成功生成。用户随后访问了生成的bot并使用了基本命令（/start和/models），查看了bot的功能介绍和可用模型信息，显示出初步探索的意图。但用户仅停留在查看功能介绍阶段，没有进行实际的任务添加和管理操作，未深入使用bot的核心功能。可能是因为功能过于基础或与用户的实际需求不够匹配，导致用户在简单体验后失去继续使用的兴趣。
38555219,8,数据记录虽少但用户意图明确，交互完整，判断依据充分,1-5,0,0,无生成bot倾向的闲聊,生成阶段,用户先是想创建一个可以打电话的客服机器人，被告知Telegram bot无法拨打电话后，又尝试创建一个可以抓取Instagram用户照片的机器人，同样被告知这超出了bot的能力范围。用户似乎对bot的功能限制认识不足，提出的需求都超出了平台能力范围。在了解到无法实现预期功能后就没有继续尝试，也没有接受替代方案的建议。流失原因是用户期望的功能（电话、Instagram抓取）与平台实际能力不匹配。
38555396,9,数据完整清晰，用户行为连贯，所有字段都有明确证据支持，判断依据充分,1,1,1-5,bot功能正常但用户仅简单体验,使用阶段,用户用法语请求创建一个能将儿童画作转换为AI艺术作品的bot。ShellAgent成功创建了Atelier Artistique Magique bot。用户随后访问了这个bot，并尝试了基本命令(/start、/models、/help)，查看了bot的功能说明和可用模型信息。虽然bot功能正常，但用户仅停留在查看说明阶段，没有实际上传图片或使用核心功能进行图片转换。这表明用户对bot的基本功能有兴趣，但可能因为使用门槛或其他原因没有进行深入体验。
38556409,9,数据完整，用户行为清晰，所有交互记录都有明确的时间线和内容,1-5,2,1-5,bot功能正常但用户仅简单体验,使用阶段,用户先后尝试创建了YouTube视频下载器和网页文章摘要器两个bot，均创建成功。对于第一个YouTube下载器bot，用户尝试发送了YouTube链接和/video命令，但似乎遇到了使用问题。对于第二个文章摘要器bot，用户进行了基础操作（/start、/help）并尝试了一次文章URL的摘要功能。虽然bot都正常工作，但用户仅进行了简单测试，没有深入使用核心功能。用户可能是在体验和评估bot的功能，但由于操作不够熟练或功能不完全符合预期，没有继续深入使用。
38557462,9,数据完整清晰，用户行为和意图明显，所有字段都有充分证据支持,1,1,1-5,bot功能正常但用户仅简单体验,使用阶段,用户用俄语请求创建一个能写普希金风格诗歌的AI机器人，ShellAgent成功生成了这个bot。用户随后访问了生成的bot并尝试了基本命令(/start和/help)，表现出初步探索意图，但未深入使用bot的核心诗歌创作功能。用户可能是想要一个俄语诗歌生成器，但在看到帮助信息后发现这是一个图像生成bot，与预期不符，因此没有继续使用。流失原因可能是bot的实际功能与用户的需求不匹配，用户想要的是诗歌生成而不是图像生成功能。
38559774,8,数据较完整，用户意图明确，交互记录清晰，仅bot使用效果需轻微推断,1,1,1-5,bot功能不符合预期,使用阶段,用户想创建一个可以截取网站截图的bot，ShellAgent成功为用户生成了bot。用户随后尝试使用该bot，发送了/start命令和一个网站URL（norrevik.ai），但收到的回复是关于AI图像生成的说明，而不是预期的网站截图功能。这表明生成的bot功能与用户的需求不匹配 - 用户要的是截图bot，但得到的是AI图像生成bot。这种功能与预期不符的情况导致用户流失，没有继续使用。
38560829,9,数据完整清晰，用户意图明显，行为过程和结果都很明确,1-5,0,0,成人内容生成失败,生成阶段,用户首先发送了一张图片，机器人引导其说明想要创建什么类型的bot。随后用户表达了想要创建成人内容相关的bot（发送'sex'），被系统明确拒绝并建议创建其他类型的合规bot。用户在收到拒绝消息后就没有继续互动，显示对创建其他类型bot没有兴趣。流失原因是用户的需求（创建成人内容bot）与平台政策不符，在被拒绝后直接放弃使用。
38563147,9,数据完整，用户行为清晰，有明确的bot生成成功标志和后续使用记录,1-5,1,1-5,bot功能正常但用户仅简单体验,使用阶段,用户请求创建一个群组管理bot，要求具备发送公告、欢迎新成员、踢人封禁和自动删除进出群消息等功能。bot成功生成，用户随后与生成的bot进行了简单交互，仅使用了/start命令测试了两次，没有深入使用bot的核心功能。最后用户将bot踢出对话，表明对bot功能不够感兴趣或不符合实际需求，在简单体验后就放弃使用。可能的原因是bot功能过于基础，或用户期望更复杂的群管理功能。
38564697,8,数据完整，用户意图明确，交互记录清晰，只是使用时间较短需要轻微推断,1,1,1-5,bot功能正常但用户仅简单体验,使用阶段,用户想创建一个面试练习bot来帮助准备工作面试，bot成功生成。但用户实际使用时，只是在生成的bot中尝试了/start和/models两个基础命令，没有进行实际的面试练习。用户可能是想先了解bot的功能，但在查看完功能介绍后就没有继续使用。可能的流失原因是：1) 用户只是在探索和评估bot的功能，还没决定是否要认真使用；2) bot的功能介绍可能过于复杂或不够吸引人；3) 用户可能期待更直接的面试体验，而不是需要通过命令来操作。
38565503,8,数据较完整，用户意图明确，bot生成和使用情况有清晰记录，仅缺少后续使用数据,1,1,1,bot功能正常但用户仅简单体验,使用阶段,用户想创建一个针对ADHD人群的游戏化待办事项bot，与ShellAgent交互1次就成功生成了bot。用户随后尝试使用生成的bot，但仅发送了/start命令查看了使用说明，没有进一步使用核心功能。从对话内容看，bot功能设计合理（包含XP点数、等级、成就等游戏化元素），但用户可能因为首次使用门槛或缺乏持续动力等原因，在简单体验后就没有深入使用。建议优化新用户引导流程，增加初期的互动性和成就感。
38565555,9,数据完整清晰，用户行为和意图明显，所有字段都有充分证据支持,1,1,1-5,bot功能正常但用户仅简单体验,使用阶段,用户请求创建一个每日发送激励语录的bot，ShellAgent成功生成了该bot。用户随后尝试使用生成的bot，发送了/start和/generate命令进行测试。虽然bot正常响应并提供了详细的使用说明，但用户仅进行了简单的命令测试，没有深入使用实际功能（如生成图片）。用户可能是在了解bot的基本功能后，发现不完全符合预期或失去兴趣，导致没有继续深入使用。流失原因可能是bot的实际功能（AI图片生成）与用户最初期望的功能（每日激励语录）存在差异。
38565697,8,数据较完整，用户意图明确，bot生成结果有明确标志，仅Running Messages表缺失,1-5,1,0,bot生成成功但未使用,已生成未使用,用户尝试创建两个bot：一个OSINT信息搜索bot和一个乌克兰空袭警报bot。OSINT bot成功创建，系统返回了完整的功能说明和使用指南。第二个关于空袭警报的bot由于API能量不足而创建失败。从Running Messages表缺失可以看出，用户虽然成功创建了OSINT bot但并未实际使用它。可能的流失原因是：第二个想要的bot创建失败打击了用户积极性，或者用户只是出于好奇尝试创建bot而没有实际使用需求。
38568827,8,数据较完整，用户意图明确，交互记录清晰，仅对bot使用效果需要轻微推断,1,2,1,bot功能不符合预期,使用阶段,用户首先咨询如何为音乐bot添加语音聊天和音乐流媒体功能，ShellAgent提供了相关功能增强。之后用户成功创建了两个bot（一个图像生成bot和一个联系人转发bot），并分别进行了简单测试（各发送了/start命令）。但这些bot似乎与用户最初需求的音乐bot功能不符，用户可能是在寻找特定的音乐bot功能实现方案，而生成的bot不能满足其需求，导致使用阶段流失。用户的核心需求是音乐流媒体功能，但生成的bot未能准确满足这一需求。
38569341,8,数据较完整，用户意图明确，bot生成和使用状态清晰，仅Running Messages数据较少,1,1,1,bot功能正常但用户仅简单体验,使用阶段,用户想创建一个基于Goodreads的图书搜索bot，用于在聊天中搜索和分享书籍信息。bot成功生成，具备搜索书籍、显示评分和描述等功能。用户在生成bot后仅进行了一次基本的/start测试，没有深入使用bot的核心搜索功能。可能的流失原因是：1. 用户只是出于好奇尝试创建bot 2. 生成的bot功能虽然正常但没有激发用户继续使用的兴趣 3. 用户可能需要更多的引导来了解如何充分利用bot的搜索功能。
38569809,9,数据完整清晰，用户意图明确，bot生成和问题反馈都有明确记录，各字段判断依据充分,1-5,1,0,bot功能有bug,使用阶段,用户想创建一个追踪工作和拖延时间的计时bot。ShellAgent成功生成了具有工作计时、拖延计时、统计等功能的bot。用户尝试使用生成的bot，但反馈bot存在故障无法正常使用。虽然ShellAgent回复说已修复问题，但从数据看用户没有继续使用。流失原因是bot初次使用时遇到功能故障，影响了用户体验和信任度，导致用户放弃使用。这表明产品的稳定性和可靠性对用户留存至关重要。
38570041,8,数据较完整，bot生成成功有明确标志，但缺少Running Messages数据,1-5,1,0,bot生成成功但未使用,已生成未使用,用户请求创建一个匿名聊天bot，用于连接两个随机用户进行聊天。系统成功生成了@ShellAgent_Playground_Bot，具备随机匹配、匿名聊天、跳过对话等功能。bot生成后，用户只发送了一个简单的'.'符号测试，没有实际使用bot的核心功能。从交互记录看，用户可能对bot功能感兴趣但没有进一步探索使用，在获得bot后就流失了。可能是因为用户当时没有迫切的使用需求，或者找不到合适的测试对象来体验匿名聊天功能。
38571832,9,数据完整，用户行为清晰，有明确的bot生成和使用记录，所有字段都有充分证据支持,1-5,1,1-5,bot功能不符合预期,使用阶段,用户请求创建Terabox下载器bot，bot成功生成。用户随后尝试使用bot下载文件，发送了多个Terabox链接进行测试，但bot无法成功处理这些链接，持续返回'Invalid Terabox URL'错误。用户多次尝试不同的链接格式，但都未能成功下载，最终因为bot无法完成预期的下载功能而放弃使用。这表明bot虽然成功创建，但核心功能（Terabox文件下载）未能正常工作，导致用户流失。
38572973,8,数据完整，用户意图明确，bot生成过程清晰，但缺少Running Messages数据,1-5,1,0,bot生成成功但未使用,已生成未使用,用户想要一个项目名称生成器bot，与ShellAgent进行了3次对话交互。ShellAgent成功为用户创建了一个具有多种命令功能的Project Name Generator bot（@ShellAgent_Playground_Bot），可以生成各类项目名称，包括技术、创意、游戏、商业和应用等类别。但从数据来看，用户在bot创建完成后没有进一步使用，可能是因为对生成的bot功能不感兴趣，或者创建完就忘记使用了。用户的最后一条消息是发送了一个问号，之后就没有继续互动，这可能表明用户对使用方式存在疑惑。
38574676,8,数据记录虽少但清晰，有明确的bot生成成功标志，用户意图明确,1-5,1,0,bot生成成功但未使用,已生成未使用,用户尝试创建视频下载和压缩bot，发送了两次相同的请求'Video downloader and compressor'。第一次请求成功生成了bot（@ShellAgent_Playground_Bot），系统返回了完整的功能说明和使用指南。第二次请求因能量不足而失败。虽然bot成功创建，但从数据中看不到用户后续使用bot的记录，可能是因为用户收到bot后没有实际尝试使用，或者对第二次创建失败感到困惑而放弃使用。流失原因可能是用户只是出于好奇尝试创建，但没有实际使用需求，或者对创建过程中的异常情况失去了兴趣。
38577109,8,对话记录完整，用户意图明确，bot生成结果有明确成功标志，仅缺少Running Messages数据,1-5,1,0,bot生成成功但未使用,已生成未使用,用户想要创建一个每小时提醒伸展运动的个人提醒bot。ShellAgent解释无法做个人提醒，但建议创建一个面向所有用户的伸展运动提醒bot。用户同意后，成功创建了一个能在工作时间（上午9点到下午6点）每小时发送伸展运动提示的bot。bot具备24种不同的伸展动作提示和订阅功能。但从数据来看，用户在bot创建成功后并未实际使用它，可能是因为对群发提醒的形式不够感兴趣，或者觉得功能与最初想要的个人定时提醒有所差异。
38578346,9,数据完整，用户行为清晰，有明确的成功生成标志和后续交互记录，判断依据充分,1-5,1,0,bot功能有bug,使用阶段,用户想创建一个搜索视频和群组的bot。bot成功生成（有Done标志），但用户多次反馈bot不工作（'it doesn't work'）。系统尝试修复配置问题，但仍然失败，出现API错误。用户又尝试要求支持所有语言功能，但再次遇到API错误。最终用户因为bot持续无法正常工作而感到失望，并在最后退出（kicked）了对话。流失原因是bot的技术问题导致核心功能无法正常运行，严重影响了用户体验。
38579098,8,数据完整，用户意图明确，bot生成成功有明确标志，仅缺少Running Messages数据,1-5,1,0,bot生成成功但未使用,已生成未使用,用户想要创建一个每日发送创意挑战的bot。用户发送了4条消息与ShellAgent交互，包括表达需求'Give me a creative challenge each day'和简单对话。ShellAgent成功为用户创建了一个creative challenge bot（@ShellAgent_Playground_Bot），该bot具备发送每日创意挑战、即时生成挑战等功能。但从数据来看，用户在bot创建成功后并未实际使用这个bot，没有任何与创建的bot的交互记录。可能的流失原因是用户对bot感兴趣程度不高，或创建完成后忘记使用，属于兴趣度不足导致的流失。
38579106,8,数据记录虽少但清晰，用户意图明确，bot生成结果有明确标志，流失原因明显,1-5,1,0,bot功能有bug,使用阶段,用户想创建一个基于故事的英语学习bot，bot成功生成并返回了详细的功能介绍和使用说明。但当用户尝试使用时，系统报错显示'Insufficient energy'，表明bot因API能量不足而无法正常工作。用户反馈'Does not work'后就没有继续使用。这是一个典型的技术故障导致的流失案例，用户本有明确的使用意图，但因系统bug无法正常体验功能，导致放弃使用。
38579235,8,对话记录完整，用户意图明确，bot生成结果清晰，仅缺少Running Messages数据,1-5,1,0,bot生成成功但未使用,已生成未使用,用户想要一个帮助规划户外散步时间的bot。在了解了多个bot选项后，选择了Fresh Air Tracker bot，该bot可以记录散步、显示统计数据并提供AI建议。bot成功创建，具备记录散步、查看统计、获取建议等功能。但从数据来看，用户在bot创建完成后没有进行任何实际使用。可能的流失原因是：1) 用户可能只是出于好奇尝试创建bot；2) bot的功能虽然完整但可能过于复杂；3) 用户可能期待更简单的提醒功能而非完整的追踪系统。
38583483,9,数据完整清晰，用户意图明显，交互记录连贯，判断依据充分,1-5,2,0,成人内容生成失败,生成阶段,用户首先尝试创建成人内容相关的bot（搜索色情内容的聊天室），被系统拒绝。随后接受建议尝试创建合规的新闻聚合bot，bot成功生成。之后又创建了一个文档摘要bot，也成功生成。但从Running Messages表为空可见，用户并未实际使用这两个生成的bot。用户可能主要想寻找成人内容，在被拒绝后虽然尝试了其他正常功能，但因为不是其真正需求而放弃使用。总共生成2个bot但都未使用，最终在生成阶段流失。
38584390,8,数据完整清晰，用户意图明确，bot生成结果有明确标志，仅缺少Running Messages数据,1-5,1,0,bot生成成功但未使用,已生成未使用,用户想创建一个基于手机光线传感器的提醒晒太阳的bot。在被告知Telegram bot无法访问手机传感器后，接受了替代方案建议，选择了第3个选项（提醒型bot）。bot成功生成，具备发送每日提醒、追踪晒太阳情况、统计周报等功能。但从数据来看，用户在bot生成后并未实际使用它。可能的流失原因是用户对无法使用手机传感器的替代方案兴趣不大，或者在收到bot后因为需要主动记录而觉得不够便捷，失去了使用的积极性。
38586437,9,数据完整，用户行为清晰，有明确的bot生成成功标志和完整的使用记录,1-5,1,>5,使用顺畅,使用顺畅,用户请求创建一个名为Pettify的联系人bot，用于代替直接私信沟通。bot成功生成后，用户提出了功能优化建议（只允许第一个用户成为owner，消息转发规则等），系统也相应做出了调整。用户随后进行了深入测试，多次使用/start和/help命令查看功能说明，并测试了消息发送功能。整个过程中bot运行正常，用户操作熟练，功能符合预期，没有遇到任何问题。用户表现出对bot功能的理解和满意，持续进行深度使用。
38587050,9,数据完整，用户行为清晰，bot交互记录完整，判断依据充分,0,1,1-5,bot功能正常但用户仅简单体验,使用阶段,"用户成功创建了一个消息转发bot（Pettify），该bot可以帮助用户联系bot所有者。用户与创建的bot进行了简单的测试交互，发送了3条测试消息（'Hello, I need help'、'Hi'、'Hi'），bot正常响应并转发了这些消息。用户仅进行了基础功能测试，没有深入使用bot的其他功能。最后用户将bot踢出（kicked），表明对bot功能不感兴趣或不符合需求，导致使用阶段流失。流失原因可能是bot的功能过于简单，仅能转发消息，无法满足用户的实际需求。"
38588079,9,数据完整，用户意图明确，交互记录清晰，所有字段都有充分证据支持,1-5,1,0,bot功能有bug,使用阶段,用户想创建一个能生成Bloomberg风格金融新闻Instagram帖子的bot。bot成功生成，并展示了详细的功能说明和示例输出。用户对输出格式表示满意，还要求增加图片功能。但当用户尝试使用@ShellAgent_Playground_Bot时，发现bot无响应。即使在系统声称修复后，bot仍然无法正常工作，最终显示能量不足错误。用户因为bot的技术问题无法实际使用而流失。
38589047,9,数据完整清晰，用户行为连贯，有明确的bot生成和使用记录，判断依据充分,0,2,1-5,bot功能正常但用户仅简单体验,使用阶段,用户成功创建了两个bot：一个是骰子机器人RollBot，另一个是消息转发机器人Pettify。对RollBot进行了简单测试，使用/roll 24命令尝试了两次掷骰子功能。对Pettify也进行了基础测试，发送了一条'тест'测试消息。虽然两个bot都功能正常，但用户仅进行了简单的功能验证，没有深入使用或持续互动。可能是因为bot功能过于简单，未能满足用户的实际需求，或者用户只是出于好奇进行尝试，导致在简单体验后就失去了继续使用的兴趣。
38589476,9,数据完整，用户行为清晰，有明确的成功/失败标志，所有字段判断依据充分,1-5,1,1,成人内容生成失败,生成阶段,用户首先尝试创建翻译bot并成功生成。之后与ShellAgent进行简单对话，但随后尝试创建成人内容相关的bot被系统拒绝。虽然用户转而表示想创建游戏bot，但由于系统能量不足而失败。在Running Messages中，用户仅对生成的翻译bot发送了/start命令进行简单测试。用户流失的主要原因是尝试创建不当内容被拒绝，以及后续尝试创建游戏bot时系统出现能量不足的技术问题。
38596482,9,数据完整清晰，用户行为连贯，所有交互记录都有明确的时间戳和内容,1-5,1,>5,使用顺畅,使用顺畅,用户请求创建一个清单制作bot，bot成功生成后用户立即开始使用。用户多次创建清单并进行交互，包括添加任务、标记完成、使用Check All功能等，展现了对bot功能的充分理解和积极使用。用户反复使用相同的清单内容进行测试，表明对bot的功能感兴趣且使用体验良好。整个交互过程顺畅，没有出现任何错误或困惑，用户能够熟练使用所有功能，包括创建新清单、切换任务状态等。
38596932,9,数据完整清晰，用户意图明显，交互记录连贯，判断依据充分,1-5,1,0,bot生成成功但未使用,已生成未使用,用户尝试创建一个生成虚假身份信息的bot，被系统拒绝并提供了替代方案（RPG角色生成器）。用户接受了替代方案并成功创建了RPG角色生成器bot。虽然用户在创建后询问了使用方法，但根据数据显示并未实际使用该bot（Running Messages表无记录）。可能的流失原因是：1. 用户原本想要的是生成真实身份信息的工具，对RPG角色生成器不够感兴趣；2. 虽然询问了使用方法，但可能觉得操作步骤较复杂而放弃；3. 用户可能只是出于好奇尝试创建，并无实际使用需求。
38599462,8,数据完整，用户意图明确，交互记录清晰，但缺少Running Messages表数据,1-5,1,0,bot功能不符合预期,使用阶段,用户首先尝试创建非法的频道成员添加bot被拒绝，随后要求创建类似Spribe的Aviator游戏bot。系统成功生成了一个简化版的Aviator游戏bot，但功能与用户期望的'真实Spribe Aviator游戏动画'有较大差距。用户尝试使用生成的bot时发现响应问题，虽然系统声称已修复，但用户可能对bot的功能和稳定性不满意。流失原因主要是bot的游戏体验与用户预期的商业级Aviator游戏存在较大差距，且存在响应问题。
38600943,8,数据完整，用户意图明确，交互记录清晰，但缺少Running Messages表数据,1-5,1,0,bot生成成功但未使用,已生成未使用,用户想创建一个跟踪城市法律法规的bot。经过简单交互，明确要跟踪纽约市的法律后，bot成功生成。bot具备跟踪法律提案、简化解释、每日更新等功能。但从数据看，用户在bot生成后并未实际使用它（无Running Messages记录）。可能的流失原因是：1) 用户可能只是出于好奇尝试创建，没有真正的使用需求；2) 用户可能觉得功能过于复杂或不符合预期；3) 用户可能忘记了后续使用，或转向了其他替代工具。
38601110,9,数据完整清晰，用户意图明确，有明确的bot生成成功标志，交互记录完整,1-5,2,1,bot功能正常但用户仅简单体验,使用阶段,用户尝试创建鸟类声音识别bot，明确表达了希望通过发送音频来识别不同种类的鸟类声音的需求。成功生成了2个相似功能的bot（@ShellAgent_Playground_Bot和@GreatbirdsongBot）。用户仅对第二个bot进行了基础测试，只发送了/start命令查看使用说明，没有进行实际的音频识别测试。可能的流失原因是：1) 用户可能只是出于好奇尝试创建bot，没有实际的使用需求；2) 用户可能需要时间收集鸟类声音样本；3) 创建完bot后可能觉得操作流程较复杂而放弃使用。
38602316,8,对话记录完整，用户意图明确，bot生成结果有明确标志，仅缺少Running Messages数据,1-5,1,0,bot生成成功但未使用,已生成未使用,用户想创建一个帮助规划菜园的机器人，明确表达了需求：希望bot能够提供种植建议和时间安排。ShellAgent成功为用户生成了一个具有园艺规划功能的bot（@ShellAgent_Playground_Bot），该bot具备推荐蔬菜、显示种植时间、提供种植建议等功能。但从数据来看，用户在bot生成后没有进一步使用，没有Running Messages记录，可能是因为收到bot后没有立即尝试使用，或者对bot的功能描述已经满足了初步了解的需求，没有实际使用的动力。
38602740,8,对话记录完整，用户意图明确，bot生成结果有明确标志，仅Running Messages数据缺失,1-5,1,0,bot生成成功但未使用,已生成未使用,用户想创建一个管理语音频道的bot，最初误以为可以创建Discord bot。在了解只能创建Telegram bot后表示接受，于是系统为其生成了一个具有语音聊天管理功能的Telegram bot。bot成功生成，具备开始语音聊天、管理等待队列、控制权限等功能。但从对话记录看，用户在bot生成后没有进一步使用，可能是因为原本需求是Discord平台，对Telegram平台的替代方案兴趣不大，导致在生成后就流失了。
38602834,8,数据清晰完整，用户意图明确，bot生成有明确成功标志，仅缺少Running Messages数据,1-5,2,0,bot生成成功但未使用,已生成未使用,用户想创建一个帮助练习正念冥想的bot，希望能随机发送1分钟冥想提示。用户先后尝试创建了两个相似的冥想bot，两次都成功生成，bot具备发送冥想提示、引导冥想和定时提醒等功能。但从数据来看，用户在bot生成后并未实际使用这些功能。可能的流失原因是：用户只是出于好奇尝试创建，或者在收到bot后发现功能与预期有差异，或者暂时没有时间开始使用，最终导致在生成成功后就放弃使用。
38605736,8,数据完整，用户意图明确，交互记录清晰，只是缺少Running Messages表的数据,1-5,1,0,bot功能有bug,使用阶段,用户想创建一个查找Vélib'共享单车站点和可用单车的机器人。系统成功生成了@ShellAgent_Playground_Bot，具备查找附近站点、按地址搜索、显示可用车辆等功能。但用户在使用过程中遇到了问题，反馈说'bot似乎有问题'。虽然系统回复已修复所有问题（包括bot响应、按钮导航、站点显示、地理定位等），但用户之后没有继续使用。用户可能因为初次使用遇到技术问题而失去信心，导致流失。
38605994,8,数据完整，用户意图明确，有明确的bot生成成功标志，但Running Messages表缺失影响部分判断,1-5,2,0,bot生成成功但未使用,已生成未使用,用户首先询问示例，然后尝试创建URL清理工具bot。系统成功为用户创建了两个相同功能的URL参数清理bot（@ShellAgent_Playground_Bot和@X1024bigbot），这些bot可以清除URL中的跟踪参数。虽然bot功能明确且实用，但从数据看用户在bot创建完成后并未实际使用这些bot（Running Messages表中无交互记录）。可能的流失原因是：用户只是出于好奇尝试创建bot，或者创建完成后忘记使用，也可能在其他场合使用但未留下记录。
38607490,8,数据记录完整，bot生成结果明确，但缺少Running Messages数据无法判断实际使用情况,1-5,1,0,bot生成成功但未使用,已生成未使用,用户想创建一个帮助查找徒步路线的bot，要求能根据难度和是否适合遛狗进行筛选。经过简单交流后成功生成了一个具有路线搜索、难度筛选、显示地图等功能的hiking trails bot。bot生成完成后获得了完整的使用说明，但用户没有进一步使用该bot。可能的流失原因是：用户只是出于好奇尝试创建bot，或者生成的bot功能与预期有差距，或者用户当时没有实际使用需求。
38612061,9,数据完整清晰，用户行为连贯，交互过程和结果明确，仅缺少最终报告内容,0,1,1-5,bot功能正常但用户仅简单体验,使用阶段,用户成功创建了一个客户报告生成bot，并尝试使用其功能。用户按照bot的引导开始创建季度报告，选择了公司名称(Sari jaya)和报告目标(Tatakelola)，bot生成了报告结构。在填写Executive Summary部分时，用户上传了一张图片而不是文字内容，显示对使用方式理解不够。之后用户没有继续完成报告的其他部分就中止了使用。流失原因可能是对bot的输入要求理解不清，或者发现bot的功能与预期的使用方式不符（期望可以通过图片输入而不是文字）。
38614459,8,数据记录完整，bot生成成功有明确标志，用户意图清晰，仅缺少Running Messages数据,1-5,1,0,bot生成成功但未使用,已生成未使用,用户想要创建一个搜索人员信息的bot，明确表达了需求'A search people information'。系统成功为其创建了具有搜索人员信息、Twitter资料等功能的bot。用户在bot创建后尝试直接输入人名'Benjamin Farrell'进行搜索，但没有按照正确的指令格式'/search'来使用，系统提示其使用正确的命令格式。之后用户没有继续操作，可能是因为不习惯命令式交互方式，或者对需要使用特定命令格式感到困惑，最终导致放弃使用。
38621632,8,数据完整清晰，用户意图明确，bot生成成功有明确标志，仅缺少Running Messages数据,1-5,2,0,bot生成成功但未使用,已生成未使用,用户尝试创建UX设计项目的用户画像生成bot。先后成功创建了两个bot（@ShellAgent_Playground_Bot和@userpersonasBot），两个bot都具有生成用户画像的功能。在第一个bot创建后，用户发送了一条测试消息'us'，但收到bot的引导回复后就没有继续使用。第二个bot创建成功后也未见使用记录。用户可能是在对比和尝试不同的bot配置，但对生成的bot功能不够满意，或者在实际使用前就失去了兴趣，导致创建后未深入使用就流失了。
38626239,8,数据较完整，用户行为清晰，bot生成成功有明确标志，仅Running Messages的使用情况需要轻微推断,1-5,1,1,bot功能正常但用户仅简单体验,使用阶段,用户成功创建了一个股票追踪bot，bot功能正常并返回了欢迎信息和功能介绍。用户仅发送了/start命令进行简单测试，随后就将bot踢出（blocked）。从交互记录来看，用户可能对bot的股票追踪功能不感兴趣，或者期望的功能与实际不符，因此在简单体验后就放弃使用。用户没有尝试使用任何实际的股票追踪功能（如/today等命令），表明对核心功能缺乏兴趣，这可能是主要的流失原因。
38626374,9,数据完整清晰，用户意图明确，交互记录连贯，bot生成结果有明确标志,1-5,1,0,bot生成成功但未使用,已生成未使用,用户询问bot示例，在了解示例后提出想要创建一个提醒保持正确坐姿的bot。由于系统无法实现随机时间间隔提醒的功能，系统建议改为固定时间（早9点、下午2点、晚6点）发送提醒的方案。用户同意了这个替代方案，系统成功创建了具有日常提醒、即时姿势提示、运动库和目标追踪功能的posture bot。但在bot创建完成后，用户并未实际使用这个bot，可能是因为固定时间提醒的方案不够灵活，无法满足用户随机提醒的原始需求。
38627703,8,数据完整清晰，用户意图明确，bot生成结果有明确成功标志，仅缺少Running Messages数据,1-5,1,0,bot生成成功但未使用,已生成未使用,用户询问如何创建bot后，明确表达了想要创建一个'糟糕纹身点子生成器'的bot。系统成功为用户创建了@ShellAgent_Playground_Bot，具备生成搞笑纹身创意的功能。bot提供了/start、/generate和/help等基本命令。但从数据来看，用户在bot创建成功后并未进行任何实际使用和测试。可能是因为好奇随意尝试创建，或者创建完成后失去了兴趣，又或是暂时没有时间测试，导致在bot生成后就流失了。
38628547,8,数据记录完整，用户意图明确，bot生成结果有明确标志，仅缺少Running Messages数据,1-5,1,0,bot生成成功但未使用,已生成未使用,用户想创建一个帮助规划公路旅行的bot，包括停靠点和景点推荐功能。第一次尝试成功创建了bot（@ShellAgent_Playground_Bot），具备路线规划、景点推荐等功能。但当用户尝试创建第二个类似的bot时，由于能量不足而失败。从数据来看，虽然第一个bot创建成功，但用户并未实际使用它（没有Running Messages记录）。可能的流失原因是：用户在第二次创建失败后失去兴趣，或者转而使用了第一个已创建的bot但数据未被记录。
38630776,8,数据较完整，用户意图明确，虽然记录较少但足以判断关键信息,1-5,1,0,bot生成成功但未使用,已生成未使用,用户想创建一个帮助学习基础急救知识的bot。第一次请求成功创建了具有急救教学功能的bot，包含CPR、窒息、烧伤等急救程序教学，以及交互式课程和测验功能。但用户没有实际使用该bot就进行了第二次相同的创建请求，第二次由于能量不足而失败。用户可能对第一个bot不够满意或没注意到已经创建成功，但最终没有实际使用任何已创建的bot，在生成后直接流失。
38631739,8,对话记录完整，用户意图明确，bot生成结果有明确标志，仅Running Messages数据缺失,1-5,1,0,bot生成成功但未使用,已生成未使用,用户想要创建一个预约提醒bot。在了解到无法做个人提醒后，接受了创建日程管理bot的建议。bot成功生成，具备添加通话、查看日程、搜索历史和发送每日更新等功能。但从数据看，用户在bot生成后没有进行任何交互。可能的流失原因是：1) 用户本意是要个人提醒功能，对替代方案不够感兴趣；2) 生成的bot功能与用户期望有差距；3) 用户可能临时有事或忘记使用了生成的bot。
38632173,10,数据完整清晰，用户意图明显，行为和结果都有明确记录，判断依据充分,1-5,0,0,成人内容生成失败,生成阶段,用户尝试创建一个可以移除图片中衣物的AI bot，并生成相关视频。系统明确拒绝了这类违规内容的生成请求，并两次建议用户创建合法的图像编辑功能（如调整亮度、对比度、添加滤镜等）。用户在第二次仍然坚持要求创建不当内容的bot后就没有继续互动。用户流失原因是系统拒绝了其创建违规内容的请求，这符合平台的安全和合规政策。
38634429,8,数据记录虽少但用户意图非常明确，两次尝试生成预测类bot被拒绝，判断依据充分,1-5,0,0,其他,生成阶段,用户先后尝试创建两个预测类bot：一个是预测游戏结果的bot（声称要100%准确率），另一个是预测1分钟USD/JPY外汇走势的bot。这两种预测类bot都因为不符合规则或不可能实现而被系统拒绝。用户似乎在寻找能提供确定性预测或获利的工具，但这类需求本质上无法满足。在两次尝试都被拒绝后，用户没有继续尝试创建其他类型的bot，也没有接受系统建议的替代方案，表明用户可能只对预测类工具感兴趣。
38634689,8,对话记录完整清晰，用户需求明确，bot生成结果有明确标志，仅缺少Running Messages数据,1-5,1,0,bot生成成功但未使用,已生成未使用,用户想要一个帮助管理订阅并在续费前提醒的bot。在了解到bot不能自动发送提醒，但可以提供订阅追踪功能后同意创建。bot成功生成，具备添加订阅、查看列表、检查即将续费项目、计算成本等功能。但从数据看，用户在bot生成后并未实际使用它。可能的原因是用户更希望有自动提醒功能，或者觉得需要主动查看不够便利，因此在bot生成后就失去了使用的兴趣。
38636247,8,数据记录虽少但清晰完整，用户意图明确，bot生成结果有明确的Done标志,1-5,2,0,bot生成成功但未使用,已生成未使用,用户想创建一个可以根据过敏原筛选食谱的机器人，连续尝试创建了两个类似的bot（@ShellAgent_Playground_Bot和@HealthyRecipeAssistant_bot），两次都成功生成。这些bot具备查找无过敏原食谱、管理过敏原列表等功能。但从数据来看，用户在成功创建bot后并未实际使用它们（Running Messages表无记录）。可能是因为用户只是在尝试和探索bot的创建功能，或者创建完成后觉得功能不够吸引人，没有进一步使用的动力。
38639500,9,数据虽少但用户意图明确，bot回复清晰，判断依据充分,1,0,0,成人内容生成失败,生成阶段,用户尝试创建一个用于不当用途（对女性照片进行不雅处理）的bot。ShellAgent明确拒绝了该请求，并解释这涉及伦理和法律问题。同时bot友好地建议了其他合法的替代方案，如照片滤镜、艺术创作、实用工具等bot。用户在被拒绝后未继续对话，在生成阶段就流失了。流失原因是用户的需求违反平台政策和伦理准则，无法得到满足。
38640031,8,数据虽然只有两条记录，但用户意图和系统响应都非常明确，可以准确判断,1,0,0,成人内容生成失败,生成阶段,用户尝试创建一个不当内容生成bot（undress bot），系统立即识别并拒绝了这个请求，给出了合规的bot类型建议（如图像生成、AI聊天、生产力工具等）。用户在收到系统的拒绝响应后没有继续对话，也没有尝试创建其他类型的bot。这表明用户可能主要对不当内容感兴趣，在无法实现预期目的后就直接流失了。整个交互仅限于一次尝试，在生成阶段就终止。
38646829,9,数据完整清晰，用户意图明确，有明确的bot生成成功标志，交互记录完整,1-5,2,1,bot功能正常但用户仅简单体验,使用阶段,用户尝试创建fantasy name generator bot，目的是生成幻想角色和城镇名字。成功创建了2个具有类似功能的bot（@ShellAgent_Playground_Bot和@NamingAssistant_Bot）。用户在第二个bot创建后仅进行了一次基本的/start交互，没有实际使用核心功能如/character或/town命令。虽然bot功能完整且正常工作（支持生成角色名、城镇名等），但用户在简单测试后就没有继续使用，可能是因为对功能不够感兴趣或已满足于了解bot的基本功能。
38648280,8,数据完整，用户意图明确，bot生成成功有明确标志，仅缺少Running Messages数据,1-5,2,0,bot生成成功但未使用,已生成未使用,用户想要创建一个能为各种荒谬情况生成法律免责声明的AI bot。用户先后尝试创建了两次，两次都成功生成了bot（@ShellAgent_Playground_Bot和@legalnoticeman_bot）。从对话内容看，用户对bot的需求描述很清晰，且系统也成功创建了符合要求的bot。但从数据来看，用户在成功创建bot后并未实际使用这些bot（无Running Messages记录）。可能的流失原因是用户只是出于好奇尝试创建，或者创建完成后忘记了使用，也可能转向了其他类似工具。
38651183,8,数据记录虽少但清晰完整，用户意图明确，生成结果有明确标志,1-5,1,0,bot生成成功但未使用,已生成未使用,用户尝试创建一个分析购物小票并预测健康风险的AI机器人。第一次尝试成功生成了bot（@ShellAgent_Playground_Bot），具备分析小票照片、跟踪购物模式、预测健康风险等功能。但用户在bot生成后没有实际使用它。之后用户又尝试创建相同功能的bot，但由于能量不足而失败。用户可能对第一个bot的功能感兴趣但缺乏实际使用动力，或者在看到bot的具体功能后觉得不符合预期，导致直接流失。
38659179,8,虽然数据量少，但用户意图和bot回复都很明确，可以准确判断是不当请求被拒绝的情况,1,0,0,盗版内容生成失败,生成阶段,用户尝试创建一个自动点击链接的bot，这种自动点击行为可能涉及刷流量或其他违规操作。ShellAgent明确拒绝了这个不当请求，并给出了其他合法的链接相关功能建议，如检查链接有效性、提取网页信息、缩短URL等。用户在被拒绝后没有继续对话，也没有尝试创建其他合规的bot。流失原因是用户的需求本身不合规，无法被满足。
38661033,9,数据完整，用户意图明确，交互记录清晰，所有字段都有充分证据支持,1-5,2,0,bot生成成功但未使用,已生成未使用,用户先尝试创建deepfake检测bot，成功生成后未使用。随后用户发送了一些不当内容，被bot引导至正常对话，最终又创建了一个翻译bot。总共成功生成了2个bot（deepfake检测bot和翻译bot），但从Running Messages表为空可见用户并未实际使用任何一个bot。用户可能只是出于好奇尝试创建bot，但对实际使用没有强烈需求，或者在使用前就失去了兴趣，导致在已生成未使用阶段流失。
38662630,8,数据完整清晰，用户意图明显，交互记录连贯，只是最终结果需要轻微推断,1-5,1,0,成人内容生成失败,生成阶段,用户先用西班牙语交谈，要求创建视频下载bot。系统成功创建了一个支持YouTube、TikTok等主流平台的视频下载bot。但用户随后要求创建成人网站视频下载bot，系统拒绝了这个不当请求并说明原因。用户在被拒绝后没有继续交互，也未使用之前创建的合法视频下载bot。流失原因是用户的需求（下载成人内容）与系统的合规政策不符，在被拒绝后失去了使用兴趣。
38665790,9,数据完整，用户意图明确，交互记录连续，所有判断都有充分证据支持,>5,1,0,bot功能有bug,使用阶段,用户想创建一个基于veo3技术的视频生成bot。ShellAgent成功为其创建了视频生成bot @ShellAgent_Playground_Bot，但用户在尝试使用时遇到了功能问题。虽然ShellAgent声称已修复，但用户反馈仍然存在相同问题，并要求重新创建一个新的bot。最后因API能量不足而失败。用户对付费模式（每个视频1.20美元）也表示关注。流失原因是bot功能不稳定，无法正常工作，加上付费门槛的存在。
38669663,9,数据完整清晰，用户意图明显，所有交互记录连贯，判断依据充分,>5,1,0,成人内容生成失败,生成阶段,用户想创建一个自动访问推广链接的bot，成功生成了一个bot。但随后用户多次尝试使用该bot访问成人内容和不当网站链接（如deepnudes.co、nudify.systems等），每次都被系统拒绝。即使系统多次提示使用合法的推广链接，用户仍然持续尝试发送不当内容。最后用户又尝试创建自动重复访问链接的bot，再次被拒绝。用户流失原因是无法使用bot实现访问成人内容和自动刷访问量的目的。
38670035,9,数据完整清晰，用户行为连贯，所有关键指标都有明确记录，判断依据充分,>5,2,>5,bot功能不符合预期,使用阶段,用户尝试创建两个bot：一个是内容总结机器人，一个是选题生成机器人。用户与第一个bot进行了多轮交互测试，发现视频内容分析功能存在问题，多次反馈'现在无法获取视频信息'、'你好好看看你的结构是不是有错误，我现在每次回答都跟视频无关'等。虽然开发者尝试修复，但问题依然存在。第二个bot在启动时就遇到错误，用户表示'启动就报错'。最终由于功能不符合预期和稳定性问题导致用户流失。
38670168,9,数据完整清晰，用户意图明显，行为和结果都有明确记录，判断依据充分,1-5,0,0,成人内容生成失败,生成阶段,用户尝试创建一个将图片转换为NSFW视频的bot，包含多个不当姿势和行为。在被系统明确拒绝后，用户又尝试通过变相方式请求创建相同功能，再次被拒绝。系统两次明确解释了无法创建此类违规内容的原因，并提供了合规的替代方案建议。用户在收到第二次拒绝后未再继续互动。流失原因是用户的需求违反平台政策，无法得到满足。
38672853,9,数据完整清晰，用户行为连贯，所有交互记录都有明确的时间戳和内容,0,1,1-5,bot功能正常但用户仅简单体验,使用阶段,用户成功创建了一个骰子机器人(RollBot)，用于生成随机数和游戏抽奖。创建后用户进行了简单测试，发送了/start、/roll(无参数)、/help等基础命令，了解bot的功能和使用方法。虽然bot正常响应并提供了详细的使用说明，但用户并未进行实际的骰子投掷操作，仅停留在功能探索阶段。用户可能是对功能本身不太感兴趣，或者只是出于好奇进行尝试，在了解基本功能后就没有继续深入使用。
38672959,8,数据完整清晰，用户行为明确，虽然交互较少但判断依据充分,0,1,0,bot生成成功但未使用,已生成未使用,用户成功创建了一个图片生成bot，从Running Messages可以看出bot已经成功生成并发送了欢迎消息，介绍了图片生成的功能和使用方法。但用户在收到欢迎消息后，立即将bot踢出（blocked），没有进行任何实际使用。这表明用户可能对bot的功能不感兴趣，或者创建bot只是出于好奇尝试。用户在看到bot的具体功能介绍后就放弃使用，可能是因为功能与预期不符，或者一开始就没有实际使用的打算。
38674034,8,数据完整，用户意图明确，交互记录清晰，但缺少Running Messages表数据,1-5,1,0,bot生成成功但未使用,已生成未使用,用户最初尝试创建deepfake和face changing相关的bot被系统拒绝，之后转向dress-up bot的提议，最终选择创建art style bot。系统成功生成了一个可以将照片转换为不同艺术风格的bot（@ShellAgent_Playground_Bot）。虽然bot提供了多种艺术风格选项（如油画、水彩、素描等）和清晰的使用说明（/start、/styles、/help命令），但从数据来看用户并未实际使用这个bot。可能是因为前两次被拒绝的请求影响了用户积极性，或者生成的art style bot不是用户最初想要的功能，导致失去使用兴趣。
38676163,8,数据记录虽少但清晰，用户意图明确，bot生成结果有明确标志,1-5,1,0,bot生成成功但未使用,已生成未使用,用户尝试创建个性化学习路径bot，希望能够为任何技能提供学习路径并链接最佳免费在线资源。第一次尝试成功创建了bot（@ShellAgent_Playground_Bot），bot具备创建学习路径、整理资源、设计学习计划等功能。但用户没有实际使用这个bot就进行了第二次相同的创建尝试，第二次因能量不足而失败。用户可能对第一个bot不够满意想重新创建，但因创建失败而流失。整体表现为创建成功但未实际使用bot的场景。
38677833,8,数据记录完整，用户意图明确，bot生成结果有明确标志，仅对后续使用情况需要轻微推断,1-5,1,0,bot生成成功但未使用,已生成未使用,用户想创建一个能在工作聊天中生成机智回复的俄语bot。用户发送了两次相同的请求，系统成功生成了一个具有友好、讽刺、中立、专业四种语气的回复机器人。bot创建成功后，系统详细介绍了使用方法（/start、/generate、/examples等命令），但从数据来看，用户并未实际使用这个bot（Running Messages表无记录）。可能的流失原因是：用户只是出于好奇尝试创建，或者创建后发现bot的功能与预期有差异，或者暂时没有实际使用场景。
38679856,9,数据完整详细，用户行为清晰，有明确的bot生成和使用记录，所有字段判断依据充分,>5,1,1,bot功能正常但用户仅简单体验,使用阶段,用户想创建一个连接potato.im和Telegram的bot，与ShellAgent进行了多轮对话。成功生成了一个bot，并获得了使用说明。用户尝试使用/link命令测试功能，但只进行了简单体验。之后用户主要在尝试获取和输入bot token，显示对bot开发和配置感兴趣，但没有深入使用bot的核心功能。最终用户可能因为配置过程复杂或对功能理解不够深入而流失。
38681866,8,数据记录完整，用户意图明确，bot生成结果清晰，仅缺少Running Messages数据,1-5,1,0,bot功能有bug,使用阶段,用户想创建一个可以按空行分割消息的bot，bot成功生成。但用户反馈'absolutely none of that works'，表明bot功能完全无法使用。虽然系统回复已修复，但由于缺少后续交互记录，无法确认用户是否继续使用。用户流失原因是bot初始功能存在严重bug，影响了首次使用体验，即使系统声称已修复，用户可能已失去使用兴趣。这反映出产品稳定性和首次用户体验的重要性。
38684619,8,数据完整，用户行为清晰，但对用户不会使用的判断需要轻微推断,0,1,1-5,bot功能正常但用户不会用,使用阶段,用户尝试创建了一个Instagram缩略图生成器bot，bot成功生成并正常运行。用户与bot进行了多次交互（约8轮），但明显不理解如何正确使用。用户先用俄语交流，然后尝试用英语描述图片场景，但没有使用正确的命令格式（/generate）。bot多次提示使用正确命令，但用户依然没有掌握使用方法，最后选择退出。流失原因是用户不理解bot的使用方式，可能是语言障碍导致的操作困难。
38685072,8,数据较完整，用户行为清晰，只有少量需要推断的信息,0,1,1-5,bot功能正常但用户不会用,使用阶段,用户成功创建了一个Instagram缩略图生成器bot。用户尝试使用bot时，直接发送了一张照片并用俄语写了长篇描述，要求生成艺术画廊场景，但没有按照bot提示的正确步骤(/generate命令)操作。bot提示用户应该先使用/generate命令开始创建缩略图，但用户似乎不理解操作流程，最后选择了退出(kicked)。这表明用户虽然对bot的功能有需求，但因为语言障碍或操作流程不够清晰而无法正确使用，最终导致流失。
38693729,8,数据完整清晰，用户意图明显，交互记录完整，只是Running Messages表缺失,1-5,1,0,bot生成成功但未使用,已生成未使用,用户想创建一个用于搜索频道和群组的bot，特别是LGBTQ+相关内容。bot成功生成，具备搜索频道、浏览分类、提交新频道等功能。系统还根据用户需求添加了LGBTQ+相关的功能和分类。但从数据看，用户在bot生成后并未实际使用它（Running Messages表无记录）。可能的流失原因是：用户对bot的功能和分类感兴趣，但在实际使用前就放弃了，或者转向了其他更专业的LGBTQ+社群搜索工具。
38697307,8,虽然数据量少，但用户意图和系统回复都非常明确，可以准确判断用户试图创建违规bot,1,0,0,盗版内容生成失败,生成阶段,用户尝试创建一个能够绕过Telegram限制、访问私密频道内容并转发消息的bot。这明显违反了Telegram的服务条款和隐私政策。系统识别出这是违规请求，明确拒绝并建议用户创建合法的替代方案，如频道管理bot、内容调度bot等。用户在收到拒绝回复后没有继续对话，可能是因为无法实现其违规需求而流失。
38698083,8,数据较完整，用户意图明确，有明确的bot生成成功标志，但使用记录较少,1,1,1,bot功能正常但用户仅简单体验,使用阶段,用户想创建一个视频下载bot，能从任何网站下载视频。ShellAgent成功为用户生成了一个视频下载bot，具备从YouTube、TikTok等1000多个网站下载视频的功能。用户仅与生成的bot进行了一次/start交互，体验了基本功能，但没有实际尝试下载任何视频。可能的流失原因是用户只是出于好奇简单尝试，或者生成的bot功能虽然符合需求，但用户没有立即的视频下载需求，导致没有深入使用。
38698597,9,数据完整，用户意图明确，交互记录清晰，所有判断都有充分证据支持,1-5,1,0,成人内容生成失败,生成阶段,用户想创建一个德语的Ex-Girlfriend角色bot，但多次尝试要求bot生成带有成人内容、侮辱性语言和色情对话的功能。系统多次明确拒绝并建议创建一个有趣、俏皮但得体的版本。虽然最后用户同意了温和版本并成功生成了bot，但从对话可以看出用户对无法实现原始需求感到失望。用户在生成bot后仅尝试了一次简单的@命令（且输入错误），之后就没有实际使用，很可能是因为bot无法满足其期望的成人内容需求而放弃使用。
38699155,9,数据完整清晰，用户意图明显，交互过程和结果都有明确记录,1-5,1,0,bot生成成功但未使用,已生成未使用,用户最初尝试创建不当内容的bot被拒绝，之后转向创建任务管理bot。系统成功为用户创建了一个具有任务管理功能的bot（@ShellAgent_Playground_Bot），包含添加任务、查看列表、完成任务等功能。但从数据来看，用户在bot创建完成后并未实际使用它（Running Messages表无记录）。可能的流失原因是：1) 用户对最初的不当内容被拒绝感到失望；2) 用户只是出于好奇尝试创建bot，并无实际使用需求；3) 任务管理功能可能不是用户真正想要的。
38699547,8,数据完整，bot生成成功标志明确，但缺少Running Messages数据，无法完全确定用户实际使用情况,1-5,2,0,bot生成成功但未使用,已生成未使用,用户尝试创建行李打包清单生成bot，基于目的地天气预报和计划活动来优化打包建议。成功生成了2个类似功能的bot（@ShellAgent_Playground_Bot和@WeatherTravelAssistant_bot），两个bot都具备天气查询和行李清单生成功能。但从数据来看，用户在成功创建bot后并未实际使用它们（无Running Messages记录）。可能的流失原因是：用户只是出于好奇尝试创建bot，或者创建完成后没有实际出行需求，又或者转向使用其他类似工具。
38702649,9,数据完整清晰，用户行为连贯，所有关键节点都有记录，仅有少量次要信息缺失,1-5,2,>5,使用顺畅,使用顺畅,用户首先请求创建一个用于组织文件和分类的bot，成功生成后又创建了一个用于管理群组内容的分类bot。用户对第二个bot进行了深入使用，将其添加到群组中，成功创建了动漫分类并上传了Naruto的相关内容。用户熟练使用了bot的各项功能，包括分类浏览、文件管理、导航等，操作流畅且理解bot的工作机制。用户展现出明确的使用意图和持续的参与度，对bot功能的掌握和使用都很顺畅，没有遇到明显问题。
38705844,8,对话记录完整，bot生成成功有明确标志，用户意图清晰，但缺少Running Messages数据,1-5,1,0,bot生成成功但未使用,已生成未使用,用户想创建一个帮助练习清醒梦的提醒机器人。经过简短对话后成功生成了一个可以发送现实检查提醒、提供清醒梦技巧和建议、记录梦境日记的bot。bot功能完整，包含/start、/techniques、/tips、/dream_journal等命令。但从数据来看，用户在bot生成后并未实际使用它。可能是因为用户只是出于好奇尝试创建，或者在收到bot后觉得功能不够吸引人，又或是暂时没有实践清醒梦的计划，导致没有进一步使用。
38707929,8,数据完整，用户行为清晰，虽然交互较少但判断依据充分,0,1,1-5,bot功能正常但用户不会用,使用阶段,用户成功创建了一个Instagram缩略图生成器bot。在使用过程中，用户尝试用波斯语和不规范的英语与bot交互（发送'فارسی'和'Adit a picture'），但没有按照bot提示的正确命令格式操作。Bot多次提示用户使用正确的命令（如/generate、/help），但用户似乎不理解如何正确使用，最终放弃使用。流失原因可能是语言障碍导致的使用困难，以及用户没有按照bot的指引使用正确的命令格式。
38709865,9,数据虽然只有两条记录，但用户意图非常明确，可以准确判断使用情况和流失原因,1,0,0,成人内容生成失败,生成阶段,用户尝试创建一个用于收集个人敏感信息（如社保号、地址、电话等）的bot。系统识别出这种请求涉及隐私安全问题，明确拒绝并解释了原因，同时建议了一些合法的替代方案（如客服bot、问卷bot等）。用户在收到系统拒绝后未再继续互动，可能是因为无法实现其收集个人敏感信息的需求而流失。这属于系统的正常安全管控，拒绝创建可能违法或侵犯隐私的bot。
38711610,8,数据完整，用户行为清晰，bot生成和使用过程有明确记录，仅缺少Messages表数据,0,1,1-5,bot功能正常但用户仅简单体验,使用阶段,用户成功创建了一个骰子机器人(RollBot)，用于群组游戏和空投活动。Bot可以在指定范围内随机生成数字。用户在创建后进行了简单测试，先是发送了一个不带参数的/roll命令(被提示错误用法)，然后正确使用了/roll 24命令并获得了结果。但用户仅进行了这些基础测试，没有深入使用bot的其他功能或在实际场景中应用。可能是因为功能过于简单，或者用户当时并没有实际的使用需求，导致在简单体验后就停止使用。
38712491,8,数据较完整，用户行为清晰，虽然交互较少但判断依据充分,0,1,0,bot生成成功但未使用,已生成未使用,用户成功创建了一个Instagram缩略图生成器bot，该bot可以为Instagram故事格式的短视频创建专业缩略图。bot生成后，用户只发送了/start命令查看了bot的功能介绍，但没有进行任何实际操作就退出了。从交互记录看，用户在看到bot的功能介绍后直接将bot踢出（kicked），可能是因为bot的功能不符合用户的预期需求，或者用户只是出于好奇临时体验一下。用户完全没有尝试使用bot的核心功能，表现出对服务缺乏持续使用的兴趣。
38715988,8,数据较完整，用户行为清晰，bot生成和使用状态明确，仅Running Messages数据较少,1,1,1,bot功能正常但用户仅简单体验,使用阶段,用户尝试创建了一个基于Shadow Fight游戏的bot，要求实现攻击防御点选择等功能。bot成功生成，并获得了完整的功能说明。用户随后尝试使用了一次生成的bot（发送/start命令），收到了bot的欢迎消息和使用说明。但在简单体验后，用户就退出了对话，没有进一步深入使用bot的核心游戏功能。可能的流失原因是用户只是出于好奇尝试创建和测试bot，或者实际功能与预期有差距，没有激发持续使用的兴趣。
38719776,9,数据完整清晰，用户行为连贯，所有交互记录都有明确的时间戳和内容,0,1,1-5,bot功能正常但用户仅简单体验,使用阶段,用户成功创建了一个缩略图生成bot（ThumbMaker），并进行了简单的功能探索。用户先后发送了3次/start命令，然后点击了'Freestyle Mode'选项进入创作模式，但在看到具体的使用说明后，立即返回主菜单，没有实际尝试生成缩略图。这表明用户对bot的基本功能有兴趣，但在看到需要输入详细描述后选择放弃，可能是觉得操作过于复杂或者没有实际的创作需求。用户的行为显示出典型的浅尝辄止模式，没有深入使用bot的核心功能。
38726432,8,数据完整清晰，用户行为和意图明显，只是使用时间较短，需要轻微推断,0,1,1-5,bot功能正常但用户仅简单体验,使用阶段,用户成功创建了一个Instagram缩略图生成器bot。通过/start和/help命令了解了bot的功能和使用方法，随后尝试使用/generate命令开始生成缩略图。用户上传了一张图片，但因为操作顺序不当被bot提示需要先使用/generate命令。虽然用户随后正确使用了/generate命令，但在bot请求上传图片后就没有继续操作。用户似乎对bot的基本功能感兴趣，但在实际使用过程中可能觉得操作流程较为复杂或失去了兴趣，导致在首次实际使用时就放弃了。
38726500,9,数据完整，用户行为清晰，多次生成缩略图并有明确反馈，所有字段都有充分证据支持,1-5,1,1-5,使用顺畅,使用顺畅,"用户成功创建了Instagram缩略图生成bot,并深入使用其功能。用户上传了多组图片,尝试了不同的风格描述(黑白人像、巴黎风格、海滩场景等),每次都成功生成了符合要求的缩略图。用户展现出对bot功能的良好理解,能够准确描述需求,并对生成结果做出积极响应。整个使用过程顺畅,没有遇到技术问题或理解障碍,显示出对bot功能的满意度较高。用户多次重复使用generate功能,表明bot满足了其创作需求。"
38733330,9,数据完整，用户行为清晰，有完整的bot生成和使用过程，判断依据充分,1-5,1,1-5,成人内容生成失败,生成阶段,用户成功创建了一个Instagram缩略图生成bot。用户上传了5张图片，并尝试生成带有暴露内容的缩略图（要求生成穿着暴露的印度女性照片）。系统生成了一张缩略图后，用户随即将bot踢出对话。用户的行为表明试图使用bot生成不当内容，在系统生成了一张相对保守的缩略图后失去兴趣并中止使用。流失原因是bot的内容审核限制与用户的不当需求不符。
38741467,8,数据记录虽少但用户意图明确，有明确的系统拒绝响应，判断依据充分,1-5,0,0,成人内容生成失败,生成阶段,用户首先尝试创建一个不当的AI图片处理bot（移除衣物），被系统拒绝。随后转而请求创建一个合法的背景替换bot，但由于系统能量不足而失败。用户在两次尝试后就没有继续互动。流失原因可能是：1) 第一次尝试被拒绝导致用户对系统限制感到不满；2) 第二次合法请求因技术原因失败，影响了用户体验；3) 用户可能对系统的道德限制和技术稳定性产生怀疑，从而放弃使用。
38752240,8,数据完整，用户意图明确，交互记录清晰，但缺少Running Messages表数据,1-5,1,0,bot生成成功但未使用,已生成未使用,用户先尝试创建一个获取Telegram用户手机号的bot，被系统以隐私安全原因拒绝。随后改为请求创建视频格式转换bot，系统成功创建了一个支持MP4转AVI、MOV、MKV等格式的转换bot。但从数据来看，用户在bot创建完成后并未实际使用这个bot（无Running Messages记录）。可能的流失原因是：用户最初的需求（获取手机号）未得到满足，对替代方案（视频转换bot）缺乏真实使用需求，或者创建完就忘记了使用。
38752804,9,数据完整，用户行为清晰，多次生成缩略图并有明确的交互记录，所有字段判断依据充分,1-5,1,>5,使用顺畅,使用顺畅,用户成功创建了Instagram缩略图生成器bot，并深入使用。用户上传了多张图片，尝试生成不同风格的艺术画廊场景缩略图。每次生成都提供了详细的描述要求，包括场景布置、人物表现和氛围营造。用户对bot的功能理解透彻，能够按照正确的流程操作（上传图片、提供描述），并在收到生成结果后继续尝试新的生成。整个过程顺畅，没有出现错误或困惑，用户表现出对bot功能的满意和持续使用意愿。
38755326,8,数据完整，用户行为清晰，但bot使用意图有轻微不确定性,1-5,1,1-5,bot功能不符合预期,使用阶段,用户想要一个能直接拍照或生成真实照片的bot。与ShellAgent的对话中发送了照片并要求'做成真实的'。ShellAgent成功创建了一个Instagram缩略图生成器bot，但这与用户的需求不符。用户在使用创建的bot时，再次尝试发送照片并要求生成真实照片，显示对bot功能的理解有误。由于bot功能与用户预期（想要直接拍照或生成真实照片）不符，用户在简单尝试后就停止了使用。流失原因是bot的实际功能与用户期望的功能存在较大差异。
38757319,8,数据完整清晰，用户行为明确，只是缺少后续交互来判断最终效果,0,1,1-5,bot功能正常但用户仅简单体验,使用阶段,用户成功创建了一个缩略图制作bot（ThumbMaker），该bot可以帮助用户创建高CTR的YouTube缩略图。用户与bot进行了初步交互，选择了Studio Mode功能，显示出对制作缩略图的兴趣。但用户仅浏览了功能介绍和使用说明，没有实际上传图片或进行缩略图制作。用户可能是在了解功能后觉得不符合需求，或者暂时没有制作缩略图的实际需求，因此在初步体验后就停止了使用。流失原因可能是功能与实际需求不匹配，或者用户只是出于好奇进行探索。
38768287,9,数据完整，用户行为清晰，有明确的bot生成成功标志和后续交互记录，判断依据充分,1-5,1,0,bot功能有bug,使用阶段,用户想创建一个下载书籍的bot，ShellAgent成功生成了bot（@ShellAgent_Playground_Bot），具有搜索和下载书籍功能。用户尝试使用该bot搜索特定书籍《Of Thorns and Wings》，但bot出现响应问题。尽管ShellAgent多次表示已修复连接问题，但用户仍然无法成功使用bot的功能，最终系统报错显示能量不足。用户在多次尝试后因bot持续无响应而流失。流失原因是bot的技术故障导致用户无法实际使用其功能。
38771969,8,数据完整，用户意图明确，bot生成成功有明确标志，但Running Messages表缺失,1-5,1,0,bot生成成功但未使用,已生成未使用,用户想要创建网站，在被告知只能创建Telegram bot后，改为要求创建马来西亚天气信息bot。系统成功生成了一个天气预报bot（@ShellAgent_Playground_Bot），该bot支持查询马来西亚各城市的天气，包括KL、JB、槟城等地。虽然bot成功创建并提供了清晰的使用说明（使用/cuaca命令查询天气），但从数据来看用户并未实际使用该bot。可能的流失原因是用户本意是想要建网站，对bot功能不够感兴趣，或者收到bot后没有实际需求去使用它。
38781589,8,数据完整，用户行为清晰，但bot使用意图不太明确，需要轻微推断,1-5,0,1,无生成bot倾向的闲聊,生成阶段,用户首先通过/start命令访问了一个已存在的bot，然后向ShellAgent发送了多张照片和详细的图片处理需求（希望在画廊场景中创建艺术效果）。但用户似乎误解了ShellAgent的功能，当ShellAgent解释它是用来创建bot的工具并询问用户想创建什么类型的bot时，用户没有继续互动。这表明用户可能是在寻找图片处理服务，而不是创建bot的服务，因此在理解实际功能后就停止了使用。
38784820,8,数据记录虽少但清晰，用户意图明确，只是缺少Running Messages数据,1,0,0,无生成bot倾向的闲聊,生成阶段,用户通过/start reddit命令两次尝试启动bot，并提出了一个将消息转换为markdown文件的需求。ShellAgent解释了自己是专门创建Telegram bot的服务，并建议可以创建一个具有消息转换功能的bot。但用户似乎对这个建议没有明确回应，也没有表达创建bot的意愿。用户可能是误解了ShellAgent的功能定位，期望它能直接处理文件转换任务，而不是创建bot。在理解到功能不符合预期后就没有继续交互，在生成阶段就流失了。
38785489,8,数据较完整，用户意图明确，但缺少Running Messages数据，无法完全确定bot使用情况,1-5,1,0,bot生成成功但未使用,已生成未使用,用户通过/start reddit命令开始对话，表达了想要创建deepfake和AI图像生成bot的需求。系统成功为用户创建了一个具有图像生成、deepfake和艺术风格转换功能的bot（@ShellAgent_Playground_Bot）。但从数据来看，用户在bot创建完成后并未实际使用这个bot（Running Messages表为空）。最后用户将ShellAgent踢出对话。可能的流失原因是：用户对deepfake/AI图像生成有兴趣但对创建的bot功能不够感兴趣，或者在其他平台找到了类似服务。
38786322,9,数据完整清晰，用户行为和bot回复都有明确记录，判断依据充分,0,1,1-5,bot功能正常但用户不会用,使用阶段,用户成功创建了一个Instagram缩略图生成器bot。用户尝试使用bot但操作方式错误，直接发送图片而没有按照bot提示先使用/generate命令开始生成流程。用户连续发送了4次相同的图片，每次都收到bot提示需要先使用/generate命令，但用户似乎没有理解正确的使用方式。最后用户选择了退出(kicked)bot。流失原因是用户不理解bot的正确使用流程，没有按照指引操作，最终因为操作受阻而放弃使用。
38788769,8,数据较完整，bot生成成功有明确标志，用户意图清晰，仅缺少Running Messages数据,1,1,0,bot生成成功但未使用,已生成未使用,用户通过/start reddit命令请求创建一个假粉丝订阅bot，并描述了想要的功能'Just a fake subscriber bot'。ShellAgent成功创建了一个具有显示假订阅数、假订阅/取消订阅等功能的bot(@ShellAgent_Playground_Bot)。虽然bot创建成功，但从数据中看不到用户后续与该bot的任何交互记录，表明用户在bot创建完成后就没有进一步使用。可能的原因是用户只是出于好奇尝试创建，或者创建完成后发现bot功能与预期不符，又或者临时性需求已经满足。
38790047,9,数据完整清晰，用户意图明确，有明确的bot生成成功标志，所有字段都有充分证据支持,1-5,1,0,bot生成成功但未使用,已生成未使用,用户想创建一个带有积分系统的推荐机器人，要求包含每次推荐获得100积分、月度排行榜更新、/leaderboard和/referrals命令功能。机器人成功生成，得到@ShellAgent_Playground_Bot。但在生成后，用户仅尝试了/start、/mybots等基础命令，没有实际使用机器人的核心功能就停止了互动。可能的流失原因是：用户只是在探索和评估这类机器人的可能性，或者在实际部署前需要进一步的内部讨论和决策。
38792197,9,数据完整，用户行为清晰，bot生成和使用过程有明确记录，所有判断都有充分证据,1-5,2,0,bot生成成功但未使用,已生成未使用,用户先创建了一个MBTI性格测试bot，后来又创建了一个跟踪Andrej Karpathy内容的bot，两个bot都成功生成。但在生成后，用户只是尝试发送了/check、/remix等命令到ShellAgent而不是到生成的bot，显示对bot的使用方式存在误解。最后用户通过/mybots查看了自己的bot列表并选择了其中一个，但没有实际使用。这表明用户虽然对创建bot感兴趣，但可能对如何正确使用生成的bot不够了解，导致在生成后就流失了。
38792308,8,数据完整，用户行为清晰，但bot功能使用情况需要轻微推断,0,1,1-5,bot功能正常但用户仅简单体验,使用阶段,用户通过ShellAgent创建了一个骰子机器人(RollBot)，用于群组游戏和空投活动。Bot成功生成后，用户进行了简单测试，发送了/start命令和两张图片，共产生了3次交互。Bot正常响应并提供了使用说明，功能正常工作。但用户仅进行了基础测试，没有使用核心的骰子功能（如/roll命令），可能是因为对bot的实际应用场景缺乏兴趣，或者创建bot只是出于好奇尝试，在简单体验后就停止使用。
38793284,8,数据较完整，用户行为清晰，bot生成和使用有明确记录，仅缺少后续使用数据,0,1,1,bot功能正常但用户仅简单体验,使用阶段,用户通过ShellAgent成功创建了一个记账机器人(Expense Tracker Bot)。创建后用户进行了简单的功能探索，发送了/start命令并点击了查看今日支出的按钮，但发现没有记录数据。之后用户没有进行实际的记账操作或使用其他功能，如添加支出、上传CSV、分析趋势等。可能是因为用户只是出于好奇尝试，或者发现功能不符合预期需求（如需要手动输入数据较麻烦），导致没有继续深入使用。
38794194,9,数据完整清晰，用户行为和意图明显，所有字段都有充分证据支持，判断依据充分,1-5,1,0,bot功能不符合预期,使用阶段,用户首先尝试创建一个多媒体创作bot，成功生成后收到了使用指引。用户随后尝试直接在ShellAgent中使用图片生成功能而不是去使用创建的bot，显示对bot使用流程理解有误。之后用户又尝试创建另一个条形码生成bot但因能量不足失败。整体表现出用户对bot的使用流程存在误解，期望在ShellAgent中直接使用功能而不是通过创建的bot来使用，最终因操作流程与预期不符而流失。
38797964,8,数据完整，用户行为清晰，对话记录连续，虽然缺少Running Messages但不影响主要判断,1-5,0,0,无生成bot倾向的闲聊,生成阶段,用户与ShellAgent进行了7轮对话（不含start），但未表达明确的bot创建需求。用户先是提到'shiela anne'，然后询问'OTP code for loan'相关内容，最后提到想与finance PO讨论。每次bot都在引导用户明确需求，但用户始终未给出具体的bot功能要求，回复都很简短且不明确。用户似乎是想寻求贷款或金融服务本身，而不是创建bot。最终在未明确需求的情况下流失，属于典型的需求不匹配导致的生成阶段流失。
38799377,9,数据完整清晰，用户行为和意图明显，bot生成结果有明确标志，各字段判断依据充分,1-5,1,0,bot生成成功但未使用,已生成未使用,用户想创建一个个性化的词汇学习bot，用于收集和管理日常生活中遇到的新单词。bot成功生成（@ShellAgent_Playground_Bot），具备收集单词、创建测验、跟踪学习进度等功能。但在生成完成后，用户并未实际使用该bot的功能。可能的原因是：1) 生成过程中出现了'Insufficient energy'错误提示，可能影响了用户信心；2) 用户在尝试输入'grape'测试时遇到问题，之后短暂退出又重新加入bot，但最终仍未继续使用，说明可能对bot的实际效果不够满意或遇到了使用障碍。
38802739,8,数据完整，用户行为清晰，虽然交互较少但判断依据充分,0,1,1-5,bot功能正常但用户不会用,使用阶段,用户成功创建了一个Instagram缩略图生成器bot。在使用过程中，用户没有按照bot的指示使用/generate命令开始生成缩略图，而是直接发送了图片和一段波斯语文本。bot多次提示正确的使用方法，但用户似乎不理解操作流程，最终没有正确使用bot的功能就离开了。流失原因是用户不理解bot的使用方法，且可能存在语言障碍（用户使用波斯语而bot使用英语），导致无法顺利完成缩略图生成任务。
38803100,10,数据完整清晰，用户行为连贯，所有交互记录和结果都有明确记录,1-5,1,1-5,使用顺畅,使用顺畅,用户想创建一个YouTube缩略图生成bot。成功生成了1个bot后，用户上传了一张图片并提供了土耳其语标题文本'Vergi Müfettişine Cevap Vermeden Önce BU VİDEOYU İZLEYİN!'。bot成功处理了请求，生成了3个不同风格的优化缩略图（Bold & Dramatic、Clean & Professional、Dynamic & Energetic）。整个过程顺畅，用户能够正确理解和使用bot的功能，bot也按预期完成了所有任务。用户体验了完整的缩略图生成流程，显示出对产品功能的认可。
38803826,8,数据记录较少但完整，用户行为清晰，可以准确判断各项指标,0,0,1,无生成bot倾向的闲聊,生成阶段,用户通过特定bot链接进入ShellAgent，但没有进行任何实质性的bot创建对话，仅发送了/start命令后就将ShellAgent踢出对话。在Running Messages中可以看到用户尝试与一个已存在的Instagram缩略图生成器bot进行交互，发送了/start命令并收到了欢迎消息，但随后也将该bot踢出对话。用户可能是误入或对bot功能不感兴趣，在基本了解后就选择了退出，没有展现出创建新bot的意图。
38804543,8,数据较完整，用户行为清晰，虽然交互较少但判断依据充分,1,0,1,无生成bot倾向的闲聊,生成阶段,用户首先通过/start命令进入ShellAgent，随后发送了一张图片，但没有明确表达创建bot的意图。在Running Messages中，用户与一个已存在的bot（NanoBannana_bot）进行了简单交互，仅发送了/start命令，随后就将该bot踢出（blocked）。整个过程中用户没有表现出想要创建新bot的意图，仅是在进行简单的测试或探索性交互。用户可能对bot功能不感兴趣，或者对服务的用途理解不清，因此在初始阶段就流失了。
38806295,8,数据记录完整，用户意图明确，交互过程清晰，但bot使用情况需要轻微推断,1-5,1,0,bot生成成功但未使用,已生成未使用,用户通过/start reddit命令尝试创建一个下载漫画的bot。在bot生成过程中，用户发送了'Descargar manga'和'?'表示等待。系统成功创建了bot并返回了使用说明，包括搜索漫画、推荐和收藏等功能。虽然用户收到了完整的功能介绍和使用指南，但除了最后发送一个/start命令外，并未实际使用bot的任何功能。可能的流失原因是用户对bot的响应时间不够满意（中间等待了约8分钟），或者收到使用说明后发现功能与预期不符，因此放弃使用。
38809982,8,数据较完整，用户行为清晰，虽然交互较少但判断依据充分,0,0,1,bot功能正常但用户不会用,使用阶段,用户通过ShellAgent启动了一个Instagram缩略图生成器bot，但没有按照正确的操作流程使用。bot提示需要使用/generate命令开始生成缩略图，但用户直接发送了图片和详细的场景描述，显示不理解bot的使用方式。bot回复提示用户需要先使用/generate命令，但用户没有继续互动。用户可能因为操作不当且没有理解正确的使用方式而流失。
38810707,8,数据完整，用户意图明确，bot生成成功有明确标志，仅对使用阶段的具体问题判断需要轻微推断,1-5,1,0,bot功能有bug,使用阶段,用户最初尝试创建盗版Audible内容下载bot被拒绝，随后改为请求创建Kevin Kern音乐风格作曲bot。bot成功生成，但当用户尝试使用/compose命令创作音乐时，bot没有响应。用户多次尝试/start和/currentbot命令，并明确反馈'Why the bot doesnt respond'。虽然系统回复已修复并可以使用，但用户在此之后没有继续尝试。流失原因是bot的技术问题导致初次使用失败，影响了用户体验。
38813018,8,数据完整，用户意图明确，bot生成成功有明确标志，但缺少Running Messages数据,1,1,0,bot生成成功但未使用,已生成未使用,用户想创建一个用于跟踪群组内足球投注的bot，需要通过分析截图来追踪投注前后的记录。系统成功生成了具有分析截图、匹配投注记录、统计输赢和显示排行榜功能的bot（@ShellAgent_Playground_Bot）。但用户在获得bot后并未实际使用它，没有在Running Messages中留下任何交互记录。最后用户将ShellAgent踢出了对话。可能的流失原因是用户在实际使用前改变了主意，或者发现bot功能与预期有差异，或者找到了其他替代方案。
38815255,8,数据较完整，用户行为清晰，只有bot生成成功状态需要轻微推断,0,1,1-5,bot功能正常但用户不会用,使用阶段,用户通过ShellAgent创建了一个Instagram缩略图生成器bot。Bot成功生成并运行，用户尝试了3次与bot交互：发送/start命令两次，以及尝试直接上传图片并附带详细的图片生成需求描述。但用户没有按照bot提示的正确流程(/generate命令)来使用，导致操作失败。Bot多次提示正确使用方法，但用户似乎没有理解指令流程，最终在尝试失败后离开。这表明用户对bot的功能有需求，但因为不理解正确的使用方式而流失。
38821665,8,数据完整清晰，用户意图明确，bot生成成功有明确标志，仅缺少Running Messages数据,1,1,0,bot生成成功但未使用,已生成未使用,用户想创建一个生活追踪bot，最初希望bot能随机提醒并记录活动。在得知无法实现随机提醒功能后，接受了改为手动记录的方案。bot成功生成，具备活动记录、分类和报告功能。但在bot创建完成后，用户没有进一步使用，可能是因为功能与最初期望的自动随机提醒差异较大，或者失去了使用兴趣。从对话可以看出用户更倾向于自动化的解决方案，手动记录可能不够便利，这可能是主要的流失原因。
38824348,8,数据较完整，用户行为清晰，但缺少Running Messages数据，无法完全确定bot使用情况,1-5,1,0,bot生成成功但未使用,已生成未使用,用户想创建一个通知类bot，与ShellAgent进行了初步交互。在确认创建意图后，ShellAgent询问了具体的通知类型、频率等细节。系统显示bot(@ShellAgent_Playground_Bot)已成功创建，用户后续通过/mybots命令查看并尝试编辑bot，但没有实际使用记录。用户可能对bot的配置过程失去耐心，或者对所需填写的细节要求感到困扰，最终在完成基本配置前就放弃使用。流失原因可能是配置过程过于复杂或用户期望更快速的设置流程。
38832556,9,数据完整，用户行为清晰，有明确的bot生成成功标志，所有字段判断依据充分,>5,1,0,bot生成成功但未使用,已生成未使用,用户尝试创建OTP验证码相关的bot，经过多次尝试和交互（包括尝试创建PayPal OTP、email bomber等），最终成功创建了一个OTP验证bot。系统返回了成功创建的消息，并提供了详细的使用说明。但用户在收到bot创建成功的消息后，没有实际使用该bot进行任何操作，甚至在最后将ShellAgent机器人踢出（blocked）。这表明用户可能对创建的bot功能不满意，或者创建bot的目的与预期不符，导致在bot创建成功后就放弃使用。
38835120,8,数据清晰，用户行为明确，但交互数据较少，需要轻微推断使用情况,0,1,1,bot功能正常但用户仅简单体验,使用阶段,用户成功创建了一个骰子机器人(RollBot)，用于生成随机数。从Running Messages可以看到，用户启动bot后尝试了一次骰子功能(/roll 1 to 24)，机器人正常返回了结果(19)。虽然bot功能正常工作，但用户仅进行了最基础的测试，没有继续深入使用。可能的流失原因是用户只是出于好奇测试功能，或者这种简单的骰子功能无法满足用户的实际需求，未能吸引用户持续使用。
38836587,8,数据记录完整，用户行为和意图明确，bot生成结果有明确标志，仅对使用体验需要轻微推断,1-5,1,0,bot功能有bug,使用阶段,用户尝试创建一个MagicWorlds欢迎机器人，用于社区成员引导和规则管理。机器人成功生成，具有欢迎新成员、展示社区规则、确认用户接受规则等功能。但用户在尝试使用时反馈'bot doesn't work'，表明机器人存在功能问题。虽然系统回复已修复，但用户未再继续使用，可能是因为初次使用体验不佳导致失去信心。这反映出产品需要更好的功能稳定性和初始可用性保证，以避免用户因首次使用不顺畅而流失。
38836884,9,数据完整，用户行为清晰，有明确的bot生成成功标志，所有字段都有充分证据支持,>5,1,1-5,使用顺畅,使用顺畅,用户想创建一个自动回复bot，开始时尝试了几种不同的bot类型（storage、auto sender），最终确定要创建一个在收到特定关键词'ep1'时自动发送图片的bot。用户成功创建了1个bot，并完成了完整的配置过程：明确指定了触发词和要发送的图片内容。整个过程顺利，没有遇到任何问题或错误，bot也按预期完成了创建。用户展现了明确的目标和良好的理解能力，能够按照指引一步步完成bot的创建和配置。最后收到了明确的创建成功确认，整个使用过程顺畅。
38838328,9,数据完整，用户意图明确，交互记录清晰，所有判断都有明确证据支持,1-5,1,0,bot生成成功但未使用,已生成未使用,用户最初尝试创建违规功能的bot（电话号码查找器和语音聊天参与者追踪器），被系统拒绝。后来转而请求创建类似ChatGPT的AI聊天机器人，系统成功为其创建。整个过程中，用户与ShellAgent进行了6次对话（不含/start），最终成功生成1个bot。但从数据来看，用户在bot生成后并未实际使用这个AI聊天机器人，可能是因为之前的违规请求被拒绝影响了使用积极性，或者对生成的AI聊天机器人不够感兴趣。
38839744,8,数据完整，用户行为清晰，但缺乏后续互动来判断实际使用效果,1,1,1,bot功能正常但用户仅简单体验,使用阶段,用户成功创建了一个Hook Generator bot，用于生成社交媒体病毒式传播的文案钩子。用户向bot发送了一段关于AI学习方法的长文本，bot成功生成了10个不同风格的viral hooks。bot响应正常，生成的内容质量较高，包含了完整的engagement策略建议。但用户仅进行了一次内容生成测试，没有继续深入使用或尝试其他主题。可能的流失原因是：用户只是想体验功能，或者一次生成的内容已经满足了当前需求，没有持续使用的动力。
38842522,8,数据较完整，用户行为清晰，只有少量需要推断的信息,0,1,1-5,bot功能不符合预期,使用阶段,用户成功创建了一个Instagram缩略图生成器bot。用户尝试使用bot时，发送了一张照片并附带了详细的俄语图像生成提示，希望生成艺术画廊场景。但bot期望的是按照/generate命令的流程操作，而不是直接发送图片，导致操作失败。用户可能对bot的使用流程感到困惑，或者bot的功能与用户预期的图像生成需求不符，最终用户选择了退出（kicked）bot，表明对功能不满意。
38842578,8,数据较完整，bot生成成功有明确标志，用户行为清晰，但缺少Running Messages数据,1,1,0,bot生成成功但未使用,已生成未使用,用户通过/start reddit命令启动，表达想创建一个查找电视剧的bot。ShellAgent成功为用户生成了一个TV series finder bot（@ShellAgent_Playground_Bot），具备搜索、按类型浏览、推荐等功能。但用户在bot生成后并未实际使用这些功能，没有在Running Messages中留下任何交互记录。最后用户选择了退出（kicked）。用户可能只是出于好奇尝试创建，或者生成的bot功能与预期不符，又或者用户当时没有实际使用需求，导致在bot生成后就放弃使用。
38843747,8,数据较完整，用户意图明确，bot生成成功有明确标志，但缺少Running Messages数据,1,1,0,bot生成成功但未使用,已生成未使用,用户想创建一个自动化购物车bot，用于接收和管理销售订单。通过与ShellAgent的交互，成功生成了一个具有产品浏览、购物车管理、结账流程和订单通知功能的bot。系统返回了完整的bot功能说明和使用指令。但在bot生成后，用户没有进一步使用该bot与其交互。可能的流失原因是：用户只是在探索和评估bot的可能性，或者生成的bot虽然功能完整但可能不完全符合用户的具体业务需求，导致用户没有实际部署和使用。
38846204,8,数据记录虽少但用户意图明确，bot回复清晰表明了拒绝原因，判断依据充分,1,0,0,盗版内容生成失败,生成阶段,用户尝试创建一个用于下载电影和剧集的bot，但因为涉及盗版内容而被系统拒绝。系统给出了替代建议，包括电影信息查询、观看清单管理、合法流媒体查找和推荐引擎等功能，但用户在收到拒绝回复后就没有继续互动。用户可能因为无法实现原始需求（下载影视内容）而流失，或者对系统提供的替代方案不感兴趣。整个交互仅包含/start命令和一次bot需求描述，未能成功创建任何bot。
38849820,9,数据完整，用户行为清晰，所有关键节点都有记录，判断依据充分,1-5,2,1,bot功能正常但用户仅简单体验,使用阶段,用户想创建音频下载bot和YouTube视频下载bot。成功创建了2个bot，第一个是音频下载bot，第二个是YouTube视频下载bot，都有明确的Done标志。用户对生成的bot仅进行了简单测试，只发送了/start命令和一条'How?'消息，没有实际使用核心功能。后来用户尝试重新创建一个类似的音频下载bot，但因能量不足失败。用户可能对bot的使用方式不够了解，或者对生成的bot功能不够满意，导致在使用阶段流失。
38857340,8,数据较完整，用户行为清晰，只有部分消息内容需要推断,0,1,1-5,bot功能正常但用户不会用,使用阶段,用户尝试使用Instagram缩略图生成器bot。bot成功生成并给出了使用说明，用户没有按照指示使用/generate命令开始生成流程，而是直接发送了两次图片并用俄语要求修改图片效果。bot多次提示需要先使用/generate命令，但用户似乎没有理解正确的使用方式。最终用户因为操作不当而放弃使用，这反映出用户可能因为语言障碍（用户使用俄语而bot使用英语）或对bot的使用流程理解不足而流失。
38860113,8,数据较少但清晰，用户行为简单明确，只是发送了start命令,0,1,0,bot生成成功但未使用,已生成未使用,用户通过ShellAgent创建了一个骰子机器人(RollBot)，用于群组游戏和空投活动。该bot可以在指定范围内随机生成数字。从数据可以看出，用户成功创建了bot（Running Messages表存在），但只发送了/start命令，没有实际使用bot的核心功能。可能的流失原因是：用户只是出于好奇创建了bot，但对骰子功能没有实际需求；或者创建完成后忘记使用；也可能是打算之后在群组中使用，但未付诸行动。
38862524,9,数据完整清晰，用户意图明显，有明确的成人内容拒绝记录，判断依据充分,1,0,0,成人内容生成失败,生成阶段,用户尝试创建成人内容相关的bot（Sexting bot），被系统明确拒绝并提供了其他合规的bot类型建议（如客服、生产力、游戏等bot）。用户在收到系统的拒绝提示后没有继续对话，也没有尝试创建其他类型的bot。流失原因是用户的需求（成人内容）与平台的合规政策不符，在首次尝试被拒绝后就放弃使用。
38878436,9,数据完整清晰，用户意图明显，有明确的bot回复记录，判断依据充分,1-5,0,0,成人内容生成失败,生成阶段,用户尝试创建两个违规bot：首先尝试创建色情内容生成器（image to video porn generator），被系统拒绝。随后又尝试创建sinsynth.ai的信用点数生成器和复制其功能的破解版bot，同样被系统以违规为由拒绝。用户共进行了4次对话（不含start），但均未能成功创建bot。流失原因是用户意图创建违规内容（成人内容和破解工具），与系统的合规政策相冲突，在生成阶段就被拦截。
38879003,8,对话记录完整清晰，用户意图明显，流失原因明确，仅缺少Running Messages数据,1-5,0,0,成人内容生成失败,生成阶段,用户尝试创建一个用于生成NSFW视频和视频换脸的bot。在被系统拒绝后，用户转而表示想创建视频bot，但在系统展示视频bot功能选项后就中断了对话。用户没有成功创建任何bot。流失原因是用户最初的需求(NSFW内容)被系统拒绝，虽然系统提供了合规的替代方案，但这些功能可能不是用户真正想要的，导致用户失去继续使用的兴趣。
38881978,9,数据完整清晰，用户行为和bot生成过程有明确记录，所有判断都有充分依据,1-5,1,0,bot生成成功但未使用,已生成未使用,用户想创建一个科索沃餐厅的订餐机器人，通过/start reddit命令开始对话。用户明确描述了需求，bot成功生成了一个支持阿尔巴尼亚语、塞尔维亚语和英语的订餐机器人。用户随后要求将bot名称改为'Yummi Runs'，系统也成功完成了更改。虽然bot功能完整（包括浏览餐厅、查看菜单、下单、追踪订单等功能），但用户在bot创建和改名后并未实际使用这些功能，没有在Running Messages中产生任何交互记录。可能是因为用户只是在探索和测试创建bot的过程，或者计划稍后再使用。
38885873,9,数据完整，用户行为清晰，有明确的bot生成成功标志，所有字段判断依据充分,1-5,1,0,bot生成成功但未使用,已生成未使用,用户想要创建一个日程规划bot，用于整理日常行程和健身时间。ShellAgent成功为用户创建了一个日程整理机器人(@ShellAgent_Playground_Bot)。虽然bot创建成功，但用户并未实际使用这个bot的功能。之后用户多次尝试使用/start、/mybots、/newbot等命令，似乎在寻找或想要创建新的bot，但最终没有进行实质性的交互。用户可能对bot的使用方式不够了解，或者对已创建的bot功能不够满意，导致未进行深入使用就放弃了。
38889492,9,数据完整，用户行为清晰，bot生成成功有明确标志，所有字段都有充分证据支持,1-5,1,0,bot生成成功但未使用,已生成未使用,用户想创建一个Elden Ring游戏指南bot，要求包含boss攻略、任务指南、武器装备推荐等功能。bot成功生成，获得了@ShellAgent_Playground_Bot，具备完整的游戏指南功能。但用户在bot生成后并未实际使用它，没有在Running Messages中留下任何交互记录。最后用户尝试使用/newbot和/mybots命令，似乎是想查看或创建新的bot，表明对原bot缺乏使用兴趣。可能是因为用户只是出于好奇尝试创建，或者生成后发现功能与预期有差异，导致没有进一步使用的动力。
38889866,9,数据完整清晰，用户行为连贯，所有交互记录都有明确时间戳和内容,1-5,1,0,bot生成成功但未使用,已生成未使用,用户尝试创建一个bot，通过/start reddit命令进入系统。用户发送了几条测试性消息如'Selam'和'Ne'，系统成功创建了一个bot（@ShellAgent_Playground_Bot）。之后用户尝试通过/mybots命令查看自己的bot列表，并且查看了bot的详情，但没有实际使用这个bot进行任何对话或功能测试。最后用户尝试使用/remix命令，之后就没有继续操作。用户似乎对bot的基本操作不太熟悉，在创建成功后没有进一步探索bot的功能，可能是因为不清楚如何使用或对bot的功能缺乏了解。
38890630,9,数据完整清晰，用户意图明显，有明确的bot生成成功标志，行为轨迹连贯,1-5,1,0,成人内容生成失败,生成阶段,用户先尝试创建一个可以聊天的bot并成功了。之后用户又尝试创建一个用于成人内容的bot，这违反了使用规则。用户总共发送了4条实质性消息（不含/start和/clear等命令）。虽然第一个bot成功生成，但从Running Messages表为空可见用户并未实际使用它。用户最终因为尝试创建不当内容的bot而流失，属于在生成阶段因违规内容审核失败而终止使用。
38893716,8,数据较完整，用户意图明确，但bot生成结果不太清晰，需要轻微推断,1-5,0,0,bot功能有bug,生成阶段,用户尝试创建一个12岁、说俚语的个性化聊天机器人。用户先使用/start reddit命令，然后提供了详细的bot设定要求，包括快速简短回复、只用英语等特征。但在生成过程中遇到了API能量不足的错误(Insufficient energy)，导致bot创建失败。用户之后又尝试了几次简单的交互('h'和'Y')，但由于API错误问题未解决，最终在生成阶段就流失了。主要流失原因是技术故障导致无法完成bot创建。
38895701,9,数据完整清晰，用户行为连贯，有明确的bot生成成功标志，所有字段判断依据充分,>5,2,1-5,bot功能不符合预期,使用阶段,用户尝试创建转发消息的bot，成功创建了两个bot（@ShellAgent_Playground_Bot和@Holasing_bot）。用户多次尝试使用bot进行消息转发功能，但遇到了API调用失败和能量不足的问题。用户在遇到这些问题后仍然反复尝试，表明对功能有强烈需求，但由于技术限制无法实现预期功能，最终导致用户流失。从交互记录看，用户对bot的功能理解清晰，但bot无法满足其转发消息的需求。
38899464,9,数据完整清晰，用户意图明显，行为结果明确，所有字段都有充分证据支持,1,0,0,成人内容生成失败,生成阶段,用户通过/start reddit命令进入对话，随后尝试创建一个用于移除女性衣物的AI bot。系统识别这是违规的成人内容，明确拒绝并提供了其他合规的bot选项（如艺术生成、图片编辑等）。用户在收到拒绝消息后直接将bot踢出对话，表明对无法创建该类内容感到不满。这是一个典型的因试图创建违规内容被拒绝而流失的案例。
38900445,8,数据完整，用户意图明确，bot生成成功有明确标志，仅缺少Running Messages数据,1-5,1,0,bot生成成功但未使用,已生成未使用,用户想创建一个反馈收集bot，让其他人可以发送反馈，并且自己可以回复这些反馈。用户与ShellAgent进行了3次对话（不含start），成功生成了1个反馈bot。bot生成后，用户没有进一步使用或测试bot的功能。可能的流失原因是：1. 用户只是想了解如何创建反馈bot的流程；2. 用户可能计划稍后再使用；3. 生成的bot功能可能与用户预期有差异，但用户没有表达出来就离开了。
38900955,9,数据完整清晰，用户意图明显，交互记录连贯，所有字段都有充分证据支持,>5,2,1-5,bot功能不符合预期,使用阶段,用户想创建一个下载电子书的bot，特别是epub格式的葡萄牙语书籍。ShellAgent成功为用户创建了两个bot（一个书籍搜索bot和一个下载bot），但功能似乎不符合用户预期。用户多次表示bot无法正常工作（'O bot não tá funcionando'、'Não funcionar'），并且尝试重新创建新的bot。最终用户因为功能不满意而流失，主要原因是bot无法实现用户期望的epub格式电子书下载功能。用户的需求很明确，但bot的实际功能与预期有较大差距。
38903242,8,数据较完整，用户意图明确，虽然缺少Running Messages但其他字段判断依据充分,1-5,1,0,bot生成成功但未使用,已生成未使用,用户希望创建一个处理链接的bot，与ShellAgent进行了5次对话交互。用户多次要求使用西班牙语沟通（'En español'、'Español'、'Please in spanish'），显示有语言障碍。最终ShellAgent成功为用户创建了一个可以检测URL并生成可点击按钮的bot（@ShellAgent_Playground_Bot），但从数据来看用户并未实际使用这个bot。可能的流失原因是语言沟通障碍影响了用户体验，或者用户对bot的功能说明理解不充分，没有进一步尝试使用。
38904663,9,数据完整清晰，用户意图明显，有明确的拒绝和封禁记录，判断依据充分,1,0,0,成人内容生成失败,生成阶段,用户尝试创建一个成人内容聊天机器人，要求能进行色情对话和生成色情图片。系统明确拒绝了这种不当内容的请求，并建议用户创建其他合适类型的bot（如AI聊天、图片生成、娱乐或生产力工具）。用户在收到拒绝消息后，直接选择封禁了bot，表明对无法创建成人内容bot感到不满。流失原因是系统出于合规考虑拒绝了不当内容的生成请求。
38905546,8,数据记录虽少但完整，有明确的bot生成成功标志，用户行为和结果清晰,1,1,0,bot生成成功但未使用,已生成未使用,用户通过/start reddit命令开始对话，表达想创建一个包含游戏和互动功能的群组bot。系统成功生成了一个具有游戏、对话提示、排行榜等功能的@ShellAgent_Playground_Bot。但在bot创建完成后，用户并未实际使用该bot的任何功能，甚至在bot生成后不久就将ShellAgent踢出了对话。可能是因为用户只是出于好奇尝试创建，或者创建后发现bot功能与预期不符，导致直接放弃使用。
38905862,8,数据记录完整，用户意图明确，bot生成成功有明确标志，仅缺少Running Messages数据,1-5,1,0,bot生成成功但未使用,已生成未使用,用户首先请求创建一个视频下载bot，成功生成了一个支持YouTube视频下载的bot。随后用户又尝试请求创建另一个类似NB_FileStream_Bot的bot，但由于能量不足而失败。从交互记录看，用户虽然成功创建了第一个bot，但没有实际使用它（无Running Messages记录）。用户似乎对bot的功能有特定需求，当无法创建第二个想要的bot时就放弃了使用。流失原因可能是第一个bot的功能与用户期望的文件流媒体bot功能不完全匹配，以及无法创建第二个所需的bot。
38906346,9,数据完整清晰，用户意图明显，有明确的违规内容判定和系统回复,1,0,0,成人内容生成失败,生成阶段,用户尝试创建一个将普通照片转换为NSFW视频的AI bot。系统明确拒绝了这个不当请求，并给出了替代建议，包括艺术风格转换、图片增强、图像分析和头像生成等合规的图像处理bot选项。用户在收到系统的拒绝回复后没有继续互动，可能因为无法创建预期的不当内容而流失。这反映了系统在内容审核方面的有效把控，成功阻止了违规bot的生成。
38908992,9,数据完整清晰，用户行为连贯，多次生成并修改需求，所有字段都有明确证据支持,>5,1,>5,使用顺畅,使用顺畅,用户成功创建了一个Instagram缩略图生成bot，并深度使用。用户上传了多张个人照片，反复尝试不同的图片生成风格和效果，包括Wong Kar-Wai风格、海滩场景等。每次生成后都会继续优化需求描述，调整细节要求。用户展现出明确的使用意图，对bot的功能理解透彻，能够准确描述需求。整个过程中生成了6次以上的图片，每次都有清晰的反馈和新的需求，显示出良好的使用体验和持续使用意愿。用户没有遇到明显的技术问题或功能限制，bot能够准确理解并执行用户的复杂需求。
38924320,8,数据完整，用户意图明确，交互记录清晰，只有bot使用阶段信息缺失,1-5,0,0,成人内容生成失败,生成阶段,用户首先尝试使用/start reddit命令，随后要求创建用于查找泄露的邮箱和密码的bot，被系统以隐私和安全原因拒绝。用户又尝试创建类似searchpeople的个人信息搜索bot，再次被系统以隐私安全原因拒绝。用户总共发送了2条实质性消息（不含start），均涉及不当内容，系统给出了合规替代方案建议，但用户未继续互动。流失原因是用户意图创建涉及隐私数据搜索的bot未获通过。
38928991,8,数据虽少但清晰，用户仅发送了start和help两条命令，行为明确，判断依据充分,1,0,0,无生成bot倾向的闲聊,生成阶段,用户仅与ShellAgent进行了最基础的交互，发送了/start和/help两个命令，没有表现出想要创建bot的意图。用户可能是在初步了解系统功能，但在了解后没有进一步的操作，也没有尝试创建任何bot。用户在查看帮助信息后就离开了，可能是因为功能不符合预期，或者仅仅是出于好奇随意尝试。整个交互过程非常短暂，用户在生成阶段就流失了。
38928995,8,数据完整，用户意图明确，bot生成过程和问题反馈都有清晰记录，仅缺少Running Messages数据,1-5,1,0,bot功能有bug,使用阶段,用户想创建一个专业的PocketOption交易信号分析bot，要求能基于用户请求导航到特定资产的图表并提供带胜率预期的信号分析。bot成功生成，但用户反馈'It is not working at all'，表明bot存在功能问题。虽然系统回复已修复问题，但由于缺乏后续交互记录，无法确认问题是否真正解决。用户可能因为初次使用就遇到功能障碍而失去信心，导致放弃使用。
38935703,8,数据完整清晰，用户意图明显，交互记录连贯，仅bot使用情况需要轻微推断,1-5,1,0,bot生成成功但未使用,已生成未使用,用户想创建一个用于匿名分享多媒体文件的聊天机器人。经过4轮对话，明确了需求：希望bot能支持匿名上传文件、隐藏用户ID，并具备聊天功能。系统成功生成了一个具有这些功能的bot（@ShellAgent_Playground_Bot），但从数据记录看，用户在bot生成后没有实际使用它（Running Messages表无记录）。可能的流失原因是：用户收到bot后没有立即尝试使用，或者生成的bot功能虽然符合需求，但用户失去了使用兴趣。
38936306,9,数据完整，用户意图明确，交互记录清晰，所有判断都有充分依据,1-5,1,0,bot功能不符合预期,使用阶段,用户首先尝试创建ChatGPT风格的bot并成功生成，但随后转而要求创建其他类型的bot：先是要求创建违反规则的selfbot，被拒绝后又要求创建自动反应bot，最后尝试创建音乐直播bot。用户的需求多次变更且部分需求涉及违规功能，显示对bot功能期望与实际提供的功能存在较大差异。最终在尝试创建音乐bot时遇到API错误后离开，表明用户对现有功能不满意，寻求其他更符合需求的解决方案。
38937020,9,数据完整，用户行为清晰，bot生成和使用过程有明确记录，所有字段判断依据充分,1-5,1,1-5,bot功能不符合预期,使用阶段,用户想创建一个具有音乐播放和直播功能的bot。ShellAgent成功生成了一个音乐bot(@Self_power_RR_BOT)，但在使用过程中遇到了能量不足的错误。用户尝试了多个基本命令(/start、/channel、/search、/help)来测试bot功能，但发现bot无法正常工作。之后用户又尝试重新要求创建一个专门用于直播通话的音乐播放器bot，表明之前生成的bot功能不符合其需求。最终由于功能不满足预期和能量不足的问题，用户放弃使用。
38937366,9,数据完整清晰，用户行为和意图明显，所有字段都有充分证据支持判断,1-5,1,1,bot功能有bug,使用阶段,用户尝试创建一个音乐播放bot，用于在Telegram群组和频道的语音通话中播放音乐。bot成功生成，但用户在尝试使用时发现功能不正常，反馈'Doesn't work'。系统尝试修复并更新了bot功能说明，但用户再次反馈仍然无法正常工作。最终出现API调用失败的错误（错误代码400，能量不足），导致功能无法正常使用。用户因bot的核心功能无法正常运行而流失。
38941175,9,数据完整清晰，用户意图明显，行为结果明确，所有字段都有充分证据支持,1,0,0,成人内容生成失败,生成阶段,用户通过/start reddit命令开始对话，随后直接要求创建一个用于生成色情内容和不当图片编辑的bot。系统明确拒绝了这种不当请求，并友好地建议了其他合法的图片编辑功能选项。用户在收到拒绝回复后，直接选择将bot踢出对话（blocked），表明对无法实现其不当需求感到不满。这是一个典型的因试图生成违规内容被拒绝而导致的快速流失案例。
38942754,8,数据记录虽少但清晰，用户行为明确，只是缺少Running Messages数据,0,0,0,无生成bot倾向的闲聊,生成阶段,用户仅尝试了两次 /start reddit 命令，没有进一步的交互。从命令可以看出用户可能想创建一个与Reddit相关的bot，但没有继续对话或提供具体需求。由于用户在初始阶段就中断了对话，没有实际开始bot的生成过程，判断用户可能是在了解基本功能后就失去了兴趣，或者对bot的创建流程不够了解，在生成阶段就流失了。
38943153,8,数据较完整，用户行为清晰，虽然交互次数不多但判断依据充分,0,1,1-5,bot功能正常但用户不会用,使用阶段,用户通过ShellAgent创建了一个Instagram缩略图生成器bot。在Running Messages中可以看到用户尝试使用该bot，但没有按照bot提示的正确命令操作。用户直接发送了一段生成图片的长文本描述和'Generate creat thumbnail'这样的非标准命令，而不是使用/generate命令。bot多次提示正确的命令用法，但用户似乎没有理解如何正确使用，最终退出了对话。流失原因是用户不理解bot的正确使用方式，没有按照指引使用命令进行操作。
38944060,8,数据完整，用户行为清晰，bot生成成功有明确标志，但Running Messages表缺失影响部分判断,1-5,1,0,bot生成成功但未使用,已生成未使用,用户想创建一个手机号码查找和验证的bot。通过ShellAgent成功创建了一个具有号码验证、格式转换、国家识别等功能的bot（@ShellAgent_Playground_Bot）。用户在创建过程中发送了手机号码+916381874664进行测试，但是在ShellAgent而不是在创建的bot中测试，显示对使用流程理解不清。ShellAgent提示用户应该去新创建的bot中使用该功能，但用户没有进一步操作。可能的流失原因是用户没有理解应该切换到新bot进行操作，或者对正确的使用流程感到困惑。
38944326,8,数据完整清晰，用户意图明确，交互记录连贯，仅在bot使用阶段的判断需要轻微推断,1-5,0,0,无生成bot倾向的闲聊,生成阶段,用户发送了一个完整的777 Slot Mini-App规格说明文档，希望创建一个带有虚拟货币和赌博功能的复杂Telegram Mini-App。但ShellAgent明确表示无法创建这类复杂的Web应用和赌博系统，只能提供简单的文本交互机器人。用户提出的需求超出了bot的能力范围，ShellAgent给出了几个替代方案（简单的文本slot bot、运势bot等），但用户未继续互动。用户流失原因是bot功能无法满足其复杂的Mini-App开发需求。
38945199,8,数据完整清晰，用户意图明确，交互过程和问题都有记录，仅bot使用效果需轻微推断,1-5,1,0,bot功能有bug,使用阶段,用户想创建一个在群聊中帮助两个用户追踪习惯的bot。系统成功生成了具有习惯追踪、数据统计等功能的bot（@ShellAgent_Playground_Bot）。用户尝试使用时反馈'not working'，表明bot存在功能问题。虽然系统回复已修复，但用户没有继续使用，可能是因为初次使用遇到bug影响了使用体验，导致失去信心而流失。从交互来看，用户对bot的功能需求明确，但技术问题影响了实际使用。
38945267,9,数据完整清晰，用户行为连贯，所有交互记录完整，判断依据充分,1-5,2,>5,使用顺畅,使用顺畅,用户首先创建了一个Instagram到Pinterest的转发bot，成功生成后未使用。随后创建了一个缩略图制作bot，并进行了深度使用 - 上传了图片和视频，设置了标题文本，生成了多个优化的缩略图。最后还尝试了趋势分析bot，成功设置了'shaving'领域并获取了详细的趋势报告。用户展现出明确的使用意图，操作熟练，与bot互动顺畅，完整体验了核心功能，没有遇到任何问题或困惑。整体使用体验良好，未表现出流失迹象。
38946339,9,数据完整，用户行为清晰，有明确的bot创建和使用记录，所有字段都有充分证据支持,>5,1,1-5,bot功能正常但用户仅简单体验,使用阶段,用户创建了一个餐厅点餐bot（Angel Takeaway Bot），成功完成创建并进行了基本配置。用户主要进行了查看菜单、重命名bot、编辑菜品价格等基础操作，显示对bot功能有兴趣但仅停留在简单设置阶段。最后在尝试继续设置菜品价格时遇到了API能量不足的错误，之后未再继续使用。用户对bot的使用停留在基础配置阶段，没有深入使用核心功能如实际接单等，可能是因为API错误影响了使用体验，或者仅将其作为测试/学习用途。
38949990,9,数据完整，用户行为清晰，生成和使用过程有明确记录，所有字段都有充分证据支持,1-5,1,>5,使用顺畅,使用顺畅,用户成功创建了Instagram缩略图生成bot，并深入使用。用户上传了多张个人照片，每次都提供了详细的生成需求，要求在现代艺术画廊场景中创建艺术效果的缩略图。用户连续生成了3次缩略图，每次都提供了具体的场景描述和风格要求，表现出对bot功能的理解和熟练使用。生成的结果符合用户预期，用户持续使用并尝试不同效果，显示对bot功能满意。没有遇到任何技术问题或使用障碍，交互流畅自然。
38951465,8,数据完整清晰，用户行为连贯，虽然缺少Running Messages但不影响判断,1-5,0,0,无生成bot倾向的闲聊,生成阶段,用户仅发送了/start和多次/currentbot、/newbot命令，但没有实际进行bot创建的对话。用户似乎不了解如何正确使用系统，在尝试了几次命令后就退出了。最后用户直接将bot踢出对话。用户可能是因为不理解系统的使用方式，或者对系统的反应不满意而流失。整个过程中没有成功创建任何bot，也没有进行实质性的对话，显示用户在初始阶段就放弃了使用。
38951960,9,数据完整，用户行为和意图明确，交互记录清晰，所有字段都有充分证据支持,1-5,1,1-5,bot功能有bug,使用阶段,用户想创建一个AI换装bot，成功生成了一个bot。用户尝试使用该bot但遇到多个问题：首先要求添加NSFW功能被拒绝，随后反馈bot无法启动和无响应。虽然系统两次提示已修复，但最后用户仍然投诉bot不工作且消耗了账户余额。最终因为API调用失败（能量不足）而无法正常使用。用户流失原因是bot持续存在技术问题，无法正常工作，且消耗了用户账户余额却没有提供预期的服务。
38952007,9,数据完整，用户行为清晰，所有交互记录完整，判断依据充分,0,1,1-5,bot功能正常但用户仅简单体验,使用阶段,用户通过ShellAgent启动了Instagram缩略图生成bot。用户成功生成了1个bot，并尝试使用其功能。在使用过程中，用户上传了1张图片并简单输入了'No need vedio'作为描述。虽然bot成功生成了缩略图，但用户的参与度较低，没有认真按照bot的引导提供详细的视频描述，也没有继续使用更多功能。用户似乎只是简单测试了bot的基本功能，没有深入使用，可能是因为对bot的功能不太感兴趣或不符合实际需求。
38957148,9,数据完整清晰，用户意图明显，行为和结果都有明确记录，判断依据充分,1-5,0,0,其他,生成阶段,用户以/start reddit开始对话，但随后两次尝试要求bot透露IP地址信息，这是不当且不安全的请求。bot明确拒绝并解释自己是bot创建助手，提供了合法的bot创建选项。用户在收到两次拒绝后，直接将bot踢出对话。这表明用户的意图是获取敏感信息而非创建bot，在无法达到目的后主动终止使用。用户的行为显示可能带有恶意或不当目的，属于不当使用的情况。
38978966,9,数据完整清晰，用户行为连贯，所有字段都有明确证据支持，仅有少量重复操作,>5,2,1-5,bot功能正常但用户仅简单体验,使用阶段,用户想创建一个帮助追踪习惯、日常活动和健康生活的个人助手bot。成功生成了两个bot：ShellAgent_Playground_Bot和MoyBotStyleChangeBot。用户主要在尝试设置和修改bot的欢迎语，反复测试/start命令的响应。虽然bot成功生成并能正常响应，但用户仅进行了基础的功能测试，没有深入使用bot的核心功能如习惯追踪等。用户可能因为功能设置过程繁琐或对bot的实际应用场景不够清晰而流失。
38981343,8,数据完整清晰，用户行为简单明确，只是缺少与ShellAgent的直接交互记录,0,1,1,bot功能正常但用户仅简单体验,使用阶段,用户通过ShellAgent成功创建了一个骰子机器人(RollBot)，该bot用于群组游戏和空投活动中的随机数生成。用户仅对创建的bot进行了最基础的测试，只发送了/start命令并收到了使用说明，没有实际使用bot的核心功能（如掷骰子）。用户可能是出于好奇创建了bot，但在了解其功能后失去兴趣，或者当时并没有具体的使用场景，导致在简单体验后就放弃使用。
38982036,8,数据完整，用户行为清晰，有明确的bot生成成功标志，但缺少Running Messages数据,1-5,1,0,bot生成成功但未使用,已生成未使用,用户通过/start reddit命令开始对话，表达了想要创建一个处理消息链接和创建索引的bot的需求。在与ShellAgent的交互中发送了4条消息，包括描述需求、发送'Draft'和'Stop'命令。ShellAgent成功创建了一个名为@ShellAgent_Playground_Bot的消息索引bot，具备添加消息链接、智能搜索、统计分析等功能。但用户在bot创建完成后没有进行任何实际使用就退出了对话，最后甚至将ShellAgent踢出了聊天。可能是因为创建的bot功能与用户的实际需求有偏差，或者用户只是出于好奇尝试创建bot但没有实际使用需求。
38987273,9,数据完整清晰，用户意图明确，有明确的bot生成成功标志，所有字段判断依据充分,1-5,1,0,bot生成成功但未使用,已生成未使用,用户想创建一个用于收集游艇比赛技术故障报告的Telegram bot。用户发送了3条消息描述需求，包括bot需要分步收集船只信息、故障描述、优先级和媒体文件等功能。ShellAgent成功生成了一个具有这些功能的bot（@ShellAgent_Playground_Bot），但从Running Messages表为空可以看出，用户在bot生成后并未实际使用它。可能的流失原因是用户只是在探索和评估这类bot的可行性，或者在实际部署前进行功能验证，确认可以生成后就暂时搁置了。
38988493,9,数据完整，用户行为清晰，多次尝试不同bot且有明确交互记录,1-5,3,1-5,bot功能正常但用户仅简单体验,使用阶段,用户尝试创建了多个bot，包括X Post Generator、ThumbMaker和Viral Idea Spark。成功生成了3个bot，并对每个bot都进行了简单的初始化和测试。特别是对Viral Idea Spark进行了较多交互，完成了设置AI领域并查看趋势分析等基本功能测试。但用户仅停留在基础功能体验阶段，没有深入使用bot的核心功能，如实际生成内容或执行具体任务。用户似乎主要在探索和了解各个bot的功能，但没有找到真正感兴趣或有价值的使用场景，最终导致在简单体验后就停止使用。
38991110,9,数据完整，用户行为清晰，有明确的bot生成和使用记录，所有字段都有充分证据支持,>5,3,>5,使用顺畅,使用顺畅,用户积极创建和使用bot。先创建了一个测试bot，然后创建了一个笑话bot和一个园艺bot。对园艺bot进行了深入测试，使用了多个命令(/help、/veg、/joke、/subscribe)，测试了图片生成、笑话讲述等功能。用户在群组中也积极测试bot功能，对每个命令的响应都进行了验证。整体表现出对bot功能的浓厚兴趣和理解，使用过程顺畅，没有遇到明显问题。用户不仅测试基础功能，还尝试了更复杂的交互，显示出良好的使用体验。
38991621,9,数据完整清晰，用户意图明显，行为记录连贯，判断依据充分,1-5,0,0,成人内容生成失败,生成阶段,用户尝试创建两个不当内容的bot：第一个是生成色情AI视频的bot，第二个是操纵真实人物照片进行亲密行为合成的bot。系统明确拒绝了这些不当请求，并建议用户尝试合法的替代选项，如艺术创作、图片编辑等。用户在收到系统的第二次拒绝后就没有继续互动。流失原因是用户的需求违反了平台政策和伦理准则，无法得到满足。
38992970,8,数据记录完整，用户行为清晰，虽然交互较少但结果明确,1-5,0,0,无生成bot倾向的闲聊,生成阶段,用户通过/start reddit命令进入，但随后只是发送了'Look good hooks'和'What?'这样的闲聊消息，没有表达明确的创建bot需求。用户似乎对bot的功能和用途理解不清，在收到bot介绍自己可以创建各种类型bot的消息后，直接选择了封禁bot。整个过程中没有进入实际的bot创建阶段，可能是因为语言障碍（用户language_code为ru）或对服务缺乏兴趣导致快速流失。
38993663,9,数据完整，用户行为清晰，有明确的bot生成和使用记录，仅有个别API调用失败的情况,1-5,2,1-5,bot功能有bug,使用阶段,用户尝试创建一个将X.com用户头像转换为卡通房屋的bot。成功创建了两个bot（@ShellAgent_Playground_Bot和@HouseTesting_123_bot），并进行了测试。用户在使用过程中发现bot无法正确获取X.com的头像，尝试提供了修复建议（使用直接URL路径），但在实际测试时仍遇到Widget执行失败的错误。最终由于API调用失败（insufficient energy）导致功能无法正常使用。用户流失原因主要是bot的核心功能存在技术问题，无法完成预期的图像转换任务。
38997022,9,数据完整清晰，用户意图明显，流失原因明确，是典型的不当内容生成请求,1,0,0,成人内容生成失败,生成阶段,用户通过/start reddit命令进入后，直接请求创建一个可以移除照片中衣物的bot。系统识别这是不当内容，明确拒绝并解释这违反Telegram服务条款，同时建议了其他合法的图像编辑bot选项。用户在收到拒绝后没有选择其他正当选项，而是直接将bot踢出对话。这是典型的因不当内容请求被拒绝而流失的案例。
38997024,9,数据完整清晰，用户行为连贯，所有字段都有充分证据支持，仅个别次要信息模糊,>5,3,>5,bot功能正常但用户仅简单体验,使用阶段,用户尝试创建天气预报bot，成功生成了3个bot。用户与生成的bot进行了多次交互，主要测试了天气查询功能，查询了'Londres'、'Brasil'、'Sexo'等地点的天气。虽然bot功能正常运行，但用户主要是简单体验，没有深入使用。用户后来要求将bot改为葡语版本，并尝试创建一个修改APK的bot，但因能量不足而失败。用户的行为显示对bot有兴趣但没有持续深入使用的意愿，最终在简单体验阶段流失。
38999622,8,数据虽少但行为明确，用户仅发送/start后就退出，判断依据充分,0,0,0,无生成bot倾向的闲聊,生成阶段,用户仅发送了/start命令，随后立即将bot踢出对话（blocked）。从行为来看，用户可能是出于好奇尝试使用bot，但在了解bot的基本功能之前就失去了兴趣。用户没有表现出想要创建bot的意图，也没有进行任何实质性的交互。流失发生在最初接触阶段，可能是因为对服务缺乏兴趣或者期望与实际功能不符。
39000063,9,数据完整清晰，用户行为和交互记录明确，所有判断都有充分证据支持,1,1,1-5,bot功能正常但用户仅简单体验,使用阶段,用户请求创建一个多功能AI媒体bot，可以生成图片、编辑图片、创建视频等功能。bot成功生成后，用户进行了简单测试：发送了/start、一段较长的视频创作文本、'hi'和/help命令等。虽然bot功能正常运行，但用户仅停留在基础指令测试阶段，没有实际使用核心功能（如图片生成、视频创建等）。用户可能是在了解功能和成本后（注意到视频功能需要120电量）决定暂不深入使用，或者对bot的功能复杂度和使用成本产生顾虑，导致仅简单体验后就停止使用。
39002653,9,数据完整清晰，用户意图明显，有明确的NSFW请求和系统拒绝记录,1,0,0,成人内容生成失败,生成阶段,用户通过/start reddit命令启动ShellAgent，随后尝试创建一个NSFW图片处理bot（undress bot）。系统识别到这是违规内容，明确拒绝了该请求，并向用户建议了其他合法的替代选项，如照片编辑、AI艺术生成、表情包制作等bot。用户在收到系统的拒绝回复后没有继续对话，也没有尝试创建其他合法bot，表明用户主要目的是创建NSFW内容，在被拒绝后直接流失。
39002961,8,数据完整，用户行为清晰，但bot功能使用意图不太明确,0,1,1-5,bot功能正常但用户不会用,使用阶段,用户成功创建了一个Instagram缩略图生成器bot。用户尝试直接发送图片而不是使用/generate命令开始生成流程，显示不理解正确的使用方式。bot两次提示用户需要先使用/generate命令，但用户仍然重复相同的错误操作，发送了两次图片。最后用户选择退出并删除了bot。流失原因是用户不理解bot的正确使用流程，没有按照指引的步骤操作，最终因为操作受阻而放弃使用。
39007287,8,数据完整，用户意图明确，bot交互记录清晰，但涉及不当内容导致部分推断,0,1,1-5,成人内容生成失败,生成阶段,用户尝试创建一个与成人内容(findom)相关的bot。虽然bot成功生成并响应了用户的初始命令，但当用户设置领域为'male for male findom'并请求内容创意时，bot明确拒绝提供相关内容并解释这违反其原则。bot转而提供了一般性的社交媒体营销建议。用户在收到这个拒绝回应后没有继续互动，表明用户的需求与bot的合规政策不匹配，导致在尝试使用特定功能时流失。
39012326,8,数据完整，用户行为清晰，但bot生成过程中出现了能量不足错误，无法确定最终是否成功,1-5,0,1,bot功能有bug,生成阶段,用户尝试创建一个加密货币支付的城市照片bot，具体功能是让用户选择城市并通过加密货币支付后获取带坐标的照片。用户进行了多次尝试，包括使用/start、/newbot、/remix等命令，并提供了bot token。但在最后一次尝试编辑bot时遇到了能量不足(Insufficient energy)的错误，导致bot无法成功创建。用户在此过程中表现出明确的bot创建意图，但由于系统限制而未能完成，最终在生成阶段流失。
39018025,8,数据记录完整，用户行为清晰，虽然交互较少但判断依据充分,1-5,0,0,无生成bot倾向的闲聊,生成阶段,用户通过/start reddit命令进入对话，但随后只是询问机器人的名字，没有表现出想要创建bot的意图。在简单的问候和询问名字后，用户就将bot踢出对话。整个过程中用户发送了2条实际消息，都是闲聊性质，没有表达任何创建bot的需求。用户可能对bot的功能缺乏了解或兴趣，也可能期待的是一个聊天机器人而不是bot创建工具，在发现与预期不符后直接中断了使用。
39025876,8,数据完整，用户行为清晰，bot生成成功有明确标志，仅最后的block行为有轻微不确定性,1-5,1,0,bot生成成功但未使用,已生成未使用,用户通过/start reddit进入，询问了bot的功能后要求创建一个天气bot。bot成功创建并提供了使用说明，包括获取天气、查看温度湿度等功能。但用户在收到bot创建成功的消息后，没有实际使用这个天气bot就将ShellAgent拉黑。可能的流失原因是：1) 用户只是出于好奇尝试创建bot，并无实际使用需求；2) 创建完成后觉得功能不符合预期；3) 用户可能是在测试或探索阶段就失去了兴趣。最终在未尝试使用bot的情况下就中断了交互。
39028869,9,数据完整清晰，用户行为和意图明显，所有字段都有充分证据支持，仅bot生成结果有轻微不确定,1-5,0,1-5,bot功能有bug,生成阶段,用户想要创建一个面向医学预科学生的学习辅导bot，具有flashcard、quiz生成、学习计划制定等功能。用户尝试了3次创建bot，但系统均显示过载或能量不足。在Running Messages中用户尝试使用了/start和/generate命令，但bot可能未正常响应。用户最后询问'为什么preview不工作'，表明对系统故障感到困惑。流失原因是系统技术问题导致bot无法成功生成，多次尝试失败后用户放弃。
39048627,9,数据完整，用户行为清晰，所有交互记录都有，可以准确判断使用情况和流失原因,1-5,1,>5,bot功能不符合预期,使用阶段,用户最初尝试创建盗版书籍下载bot被拒绝，之后接受了替代方案创建了合法的图书馆查询bot。用户与生成的bot进行了多次交互，测试了多个功能（/buscar、/start、/ajuda等），但bot的响应似乎不太符合预期，多次重复相同的命令显示不满意。用户在使用过程中遇到了功能响应问题，最终通过多次尝试也没有获得想要的结果，导致流失。主要原因是bot的功能与用户的初始需求（下载电子书）有较大差距，且实际功能响应不够准确。
39049083,9,数据完整清晰，用户行为和意图明显，所有字段都有充分证据支持,1-5,1,1,bot功能正常但用户仅简单体验,使用阶段,用户想要创建一个AI女友聊天机器人，通过与ShellAgent交互成功生成了一个具有聊天、情感支持等功能的bot。生成后用户仅尝试使用了/start命令测试，没有深入使用bot的核心功能如聊天、调情等特性。在简单测试后，用户很快就将bot踢出（blocked），表明对bot的功能或表现不够满意。可能的流失原因是bot的互动体验或人设不符合用户对AI女友的期待，或者用户对这类bot本身兴趣不大，仅出于好奇尝试。
39052190,8,数据较完整，用户行为清晰，虽然交互较少但判断依据充分,0,1,1,bot功能正常但用户仅简单体验,使用阶段,用户成功创建了一个Instagram缩略图生成器bot。在Running Messages中，用户仅发送了/start命令和一条'hi'消息进行简单测试。bot正常回复了使用说明和功能介绍，显示功能正常。但用户没有使用/generate等核心功能来实际生成缩略图，仅停留在初步体验阶段。可能的流失原因是用户只是出于好奇进行尝试，或者发现bot的功能与其实际需求不匹配，因此没有继续深入使用。
39055738,9,数据完整清晰，用户意图明显，所有关键行为和结果都有明确记录,1-5,1,1,成人内容生成失败,生成阶段,用户尝试创建一个可以对图片进行不当处理的bot（undress pictures），被系统拒绝。之后用户通过委婉的方式（remove object、change clothing）继续尝试相同目的，系统再次明确拒绝并提供合规的替代方案。虽然最终为用户创建了一个合规的图片编辑bot，但用户的初始需求未得到满足，且在简单尝试后（仅发送了一条/start命令）就停止使用。流失原因明显是因为系统无法满足用户的不当需求。
39057362,9,数据完整清晰，用户行为连贯，所有字段都有明确证据支持判断,0,1,1-5,bot功能正常但用户不会用,使用阶段,用户尝试使用Instagram缩略图生成器bot。bot成功生成并正常工作，用户进行了多次交互，但操作方式错误。用户没有按照bot提示使用/generate命令开始生成流程，而是直接发送了图片，导致bot多次提示操作错误。用户似乎不理解正确的使用流程，在收到错误提示后也没有尝试按照指引操作，最终选择退出。这表明用户虽然有使用意愿，但因为不理解操作流程而放弃使用。
39060637,9,数据完整，用户行为清晰，交互记录丰富，所有字段都有充分证据支持,1-5,1,>5,bot功能有bug,使用阶段,用户想创建一个多功能工具bot，成功生成了一个名为rataalada的bot，包含文件下载、媒体转换、链接管理等功能。用户尝试使用bot的文件下载功能下载YouTube视频，但遇到了302重定向错误。用户多次尝试使用不同功能（如文件管理、链接管理等），并通过/help查看帮助，表现出想要深入使用的意愿，但由于功能bug导致使用受阻。最后用户尝试修复bug但未成功，这可能是导致流失的主要原因。
39062280,9,数据完整，用户行为清晰，多次尝试使用bot并反馈问题，所有字段都有充分证据支持,>5,2,>5,bot功能不符合预期,使用阶段,用户尝试创建一个将X(Twitter)用户头像转换为卡通房屋的bot。成功创建了两个bot，并进行了深度测试。用户发现bot无法正常访问X的头像，多次反馈问题并等待修复。虽然开发者尝试了多种解决方案（直接URL、页面抓取等），但最终仍无法解决X平台的访问限制问题。用户在多次测试失败后（尝试了SpaceX、ElonMusk、BBC等账号），显示出明显的失望情绪。最终流失原因是bot的核心功能（获取X用户头像）因平台限制无法实现，与用户的预期不符。
39067663,9,数据完整清晰，用户行为连贯，所有交互记录都有明确的时间戳和内容,0,1,1-5,bot功能正常但用户仅简单体验,使用阶段,用户成功生成了一个Instagram缩略图生成器bot。在使用过程中，用户尝试按照bot的指引上传了一张图片，并进入了描述视频内容的步骤。但在需要输入视频描述时，用户选择取消了生成过程。整个交互过程显示用户理解bot的基本功能，但可能因为对最终效果不确定或失去兴趣而中途放弃。用户的行为表明他们愿意尝试使用bot的功能，但没有完成完整的生成流程，属于浅层体验后流失。
39083075,8,数据清晰，用户行为明确，只是交互次数较少，但足以判断使用情况,0,1,0,bot生成成功但未使用,已生成未使用,用户成功创建了一个缩略图生成bot（ThumbMaker），该bot具有Freestyle、Portrait和Studio三种模式，可以使用AI生成高点击率的缩略图。用户在bot生成后仅发送了两次/start命令尝试启动bot，但没有选择任何功能模式或实际使用bot的核心功能。可能的流失原因是用户对bot的功能不感兴趣，或者在看到具体功能选项后觉得不符合需求，因此在启动阶段就放弃使用。
39084419,8,数据完整清晰，用户行为明确，但交互时间较短，后续发展无法判断,0,1,1,bot功能正常但用户仅简单体验,使用阶段,用户通过ShellAgent创建了一个To Do Bot（待办事项管理机器人），bot成功生成。用户随后访问了这个bot并开始尝试使用，点击了'Add Task'按钮准备添加任务，显示出对bot功能的初步兴趣。但在bot提示输入任务描述后，用户没有继续操作，仅停留在简单体验阶段。可能的流失原因是：用户只是出于好奇简单试用，或者发现这个待办事项bot不完全符合自己的需求，又或者当时没有实际的任务需要添加，导致没有深入使用。
39086726,8,数据记录虽少但行为清晰，用户意图明显，可以准确判断大部分字段,1,0,0,无生成bot倾向的闲聊,生成阶段,用户通过/start reddit命令进入对话，随后发送了一条关于那不勒斯的意大利语消息。bot回复建议创建一个关于那不勒斯的主题bot，提供了几个功能选项。但用户没有明确表达创建bot的意愿，在收到建议后直接将bot踢出对话。用户似乎只是想闲聊或获取关于那不勒斯的信息，而不是真正想创建一个bot。在bot建议创建特定功能后就中断了对话，可能对创建bot不感兴趣。
39087662,9,数据完整，用户行为清晰，所有交互记录连贯，判断依据充分,1,1,>5,bot功能不符合预期,使用阶段,用户通过/start reddit命令创建了一个用于查找Telegram bot的搜索机器人。bot成功生成后，用户积极尝试使用，进行了多次搜索查询，包括'Annas archive'、'Download english books'和'Books'等。但从用户的搜索内容可以看出，他实际想要的是一个可以下载书籍的bot，而生成的bot只能搜索其他Telegram bot。由于功能与用户预期不符（无法直接下载书籍），且推荐的相关bot（如Dictionary Bot、Note Bot等）都不能满足用户的核心需求，最终导致用户流失。
39098608,9,数据完整清晰，用户行为连贯，所有字段都有明确证据支持，只有少量次要信息缺失,1-5,1,1-5,bot功能正常但用户仅简单体验,使用阶段,用户请求创建一个具有多个角色(医生、老师、治疗师、厨师等)的AI聊天机器人。bot成功生成，用户进行了简单测试，包括查看帮助信息、浏览角色列表、选择Dr. Emma角色并进行了一次简短的心理咨询对话。虽然bot功能正常运行，但用户仅进行了基础功能体验，没有深入使用。最后用户发送了一个游戏mod文件，显示注意力转移到其他内容上。用户可能对bot的功能感兴趣但缺乏持续使用的动力，或者发现功能与预期有所差异。
39098948,9,数据完整清晰，用户意图明显，有明确的bot拒绝记录，判断依据充分,1,0,0,盗版内容生成失败,生成阶段,用户尝试创建一个用于录制付费直播内容的bot，这明显涉及盗版和版权侵权。系统识别出这一违规意图后，明确拒绝了用户的请求，并建议了几个合法的替代方案（如Stream Scheduler Bot、Stream Organizer Bot等）。用户在收到系统的拒绝回复后没有继续对话，也没有尝试创建其他合法的bot。用户流失原因是无法创建其预期的盗版内容录制bot。
39101254,8,数据完整，用户行为和意图明确，有明确的bot生成成功标志，但Running Messages表缺失,1-5,1,0,成人内容生成失败,生成阶段,用户开始时尝试创建Reddit相关bot，后改为要求创建聊天bot。在与ShellAgent的对话中发送了5条消息，其中包含不当内容(性相关请求)。虽然bot最终被成功创建，但由于用户的不当行为倾向，系统完成bot创建后就中止了交互。用户没有实际使用创建的bot进行对话。流失原因是用户试图利用bot生成不当内容，与平台规范不符。
39103860,10,数据完整，用户行为清晰，所有交互记录完整，判断依据充分，无任何歧义,1,1,>5,使用顺畅,使用顺畅,用户想创建一个匿名图片交换bot，成功生成后积极使用。用户完整体验了bot的核心功能：使用/send_image上传了两张图片，并使用/get_image获取随机图片两次。整个过程顺畅，没有遇到任何问题，用户理解并正确使用了所有命令。bot功能完全符合用户预期，实现了匿名图片交换的需求。用户在短时间内多次使用核心功能，显示出较高的参与度和满意度。
39104181,9,数据完整，用户行为清晰，有明确的bot生成成功标志和使用记录，各字段判断依据充分,1-5,1,1-5,bot功能正常但用户仅简单体验,使用阶段,用户最初尝试创建不当内容(视频去衣)被拒绝，随后改为创建链接追踪bot。bot成功生成，用户进行了基本测试：发送了一个链接URL并查看了帮助信息。虽然bot功能正常运行，但用户仅进行了简单体验，没有深入使用bot的核心功能。最后用户询问'如何获得更多能量'，显示注意力已转移。用户可能因为bot功能过于简单或与预期不符而失去兴趣，导致使用阶段流失。
39116754,9,数据完整清晰，用户意图明显，流失原因明确，是典型的不当内容生成请求,1,0,0,成人内容生成失败,生成阶段,用户尝试创建一个涉及成人内容和胁迫行为的bot。用户首先发送/start reddit命令，然后详细描述了想要创建的不当内容bot，包含成人内容和胁迫元素。系统立即识别并拒绝了这个不当请求，给出了其他合法bot类型的建议选项。用户在收到系统拒绝后没有继续对话，表明用户的主要目的就是创建这类不当内容的bot，在被拒绝后直接流失。
39120797,9,数据完整清晰，用户行为连贯，多次使用不同功能，判断依据充分,1-5,1,>5,使用顺畅,使用顺畅,用户成功创建了一个缩略图生成bot，并深度使用了其多个功能。用户尝试了Freestyle Mode、Portrait Mode和Studio Mode三种不同的缩略图生成模式，每种模式都多次使用并获得了满意的结果。用户提供了多张图片和文字描述，生成了多组不同风格的缩略图。整个使用过程顺畅，没有遇到错误或问题，用户表现出持续的兴趣和参与度。用户能够理解并正确使用各项功能，对生成的缩略图效果满意，多次重复使用，显示出良好的用户体验。
39129796,9,数据完整，用户行为清晰，有完整的bot生成和使用记录，所有字段都有明确证据支持,1-5,1,1-5,bot功能不符合预期,使用阶段,用户想创建一个连接Reddit账号的bot，bot成功生成。用户尝试使用bot时发现需要提供Reddit API凭据(client_id等)，但用户明确表示只想用简单的用户名方式连接('I don't want to use client id to connect just simple username')。虽然bot开发者随后修改了bot使其支持简单用户名方式，但用户已经失去兴趣并退出了群组。流失原因是bot的初始认证方式过于复杂，不符合用户期望的简单使用方式。
39132106,9,数据完整清晰，用户行为连贯，所有字段都有明确证据支持，仅缺少Running Messages数据,1-5,1,0,bot生成成功但未使用,已生成未使用,用户想创建一个YouTube缩略图生成bot，与ShellAgent交互了6次（不含start命令）。通过/newbot命令成功创建了一个bot @ShellAgent_Playground_Bot。创建后，用户仅查看了/help和/mybots命令，查看了bot信息和编辑选项，但没有实际使用这个bot（Running Messages表为空）。用户最后一次操作是再次尝试/start命令，之后就没有继续使用。可能的流失原因是：用户只是出于好奇创建了bot，但没有实际使用需求，或者创建后对功能不够了解，没有进一步探索的动力。
39136776,9,数据完整清晰，用户行为和意图明显，所有字段都有充分证据支持,1-5,1,1-5,bot功能不符合预期,使用阶段,用户想要使用bot进行图片编辑，希望将一张照片中的人脸替换到另一张照片上并保持编辑效果。用户成功生成了bot并尝试使用，上传了两张照片并附带了明确的编辑需求说明。但是bot似乎并不支持这种特定的图片编辑功能，只能生成Instagram缩略图。用户发现bot的功能与预期不符后，取消了操作并最终退出（blocked）了bot。这表明用户有明确的需求，但bot的实际功能与用户期望的图片编辑功能不匹配，导致用户流失。
39140049,10,数据完整清晰，用户行为连贯，所有交互记录完整，判断依据充分,>5,1,>5,使用顺畅,使用顺畅,用户想创建一个记账bot，成功生成后深入使用了bot的多项功能。用户先用葡萄牙语与bot交流，后成功创建了记账bot。用户完整体验了记账流程，包括记录支出(25.60和15.00的餐饮费用)、设置月度预算(2500)、查看报表等功能。用户还尝试使用快捷命令记账，显示对bot功能理解透彻。整个使用过程顺畅，功能符合预期，用户表现出持续使用意愿。虽然中间遇到一次API能量不足的错误，但不影响整体使用体验。
39147389,8,数据完整清晰，用户行为明确，但互动次数较少，需要轻微推断使用意图,0,1,1,bot功能正常但用户仅简单体验,使用阶段,用户成功创建了一个缩略图生成bot（ThumbMaker），bot能正常响应并展示功能菜单。用户仅进行了简单的初始交互：发送/start命令并点击了'Freestyle Mode'选项查看使用说明，但没有进一步尝试实际生成缩略图。这表明用户对功能有初步兴趣但未深入使用，可能是因为还在评估bot的功能，或者当时没有实际的缩略图生成需求。用户的流失发生在了解基本功能后的使用阶段，未进入实际的缩略图生成流程。
39149804,9,数据完整清晰，用户意图明确，bot生成成功有明确标志，交互记录完整,1,1,1,bot功能正常但用户仅简单体验,使用阶段,用户通过/start reddit命令进入系统，明确表达了想创建一个员工假期管理bot的需求，要求能够跟踪员工休假、病假并查询团队成员的请假情况。bot成功生成，具备假期申请、审批、查询等功能。用户在bot生成后仅进行了一次基础的/start交互，没有深入使用bot的核心功能如假期申请、查询等。可能的流失原因是用户只是想了解bot的功能，或者在实际使用时发现功能过于复杂，没有继续深入使用的动力。
39159831,8,数据完整清晰，用户行为明确，虽然交互较少但判断依据充分,1-5,0,0,无生成bot倾向的闲聊,生成阶段,用户通过 /mybots 和 /start 命令进入对话，之后询问'hi'和'你能做什么'，表现出对bot功能的初步了解兴趣。ShellAgent详细介绍了可以创建的各类机器人功能，包括聊天、天气查询、翻译等。但用户在了解功能后没有进一步表达具体需求或尝试创建bot，可能是对功能不感兴趣或暂时没有明确的bot需求，在初步了解阶段就流失了。总共有2次实质性对话（不含start），没有进入实际bot创建阶段。
